정류장ID,정류장명,정류장유형,환승역타입,위치(동),쉘터,BIS설치여부,LED,LCD,LED+LCD복합형,알뜰형,임대형(음성),lon,lat
201000313,권선구청,"시내,마을",일반,경기도 수원시 서둔동,1,1,1,,,,,126.9709828,37.25698318
201000344,중보들공원,"시내,마을",일반,경기도 수원시 평동,1,,,,,,,126.9910293,37.24460483
201000345,남수원초등학교,시내,일반,경기도 수원시 세류2동,,1,,,,1,,127.0160003,37.25109066
201000379,신미주아파트,시내,일반,경기도 수원시 금곡동,,1,1,,,,,126.9538449,37.26880555
201000055,농수산물시장,시내,일반,경기도 수원시 권선1동,,1,,1,,,,127.029815,37.25675503
201000268,곡반중학교,시내,일반,경기도 수원시 곡선동,1,1,1,,,,,127.034254,37.24608082
200000165,이목동차고지.이목동입구,시내,일반,경기도 수원시 파장동,,,,,,,,126.9890801,37.32168639
201000337,경기도건설본부.경기도동물위생시험소.칠보마을7단지,시내,일반,경기도 수원시 금곡동,1,1,,1,,,,126.9415628,37.2676768
200000292,백선교회,시내,일반,경기도 수원시 파장동,1,1,,,1,,,126.9776909,37.3116101
202000089,화서역,"시내,마을",일반,경기도 수원시 화서2동,1,1,,,1,,,126.9904943,37.28414003
201000358,한양수자인파크원아파트.금호초등학교,시내,일반,경기도 수원시 금곡동,1,1,,1,,,,126.9527161,37.2659687
201000357,수원은혜교회.한양수자인파크원아파트,시내,일반,경기도 수원시 금곡동,1,1,,1,,,,126.953978,37.26601644
201000377,삼익아파트,시내,일반,경기도 수원시 금곡동,,1,1,,,,,126.957875,37.26986454
201000348,오목천공원,"시내,마을",일반,경기도 수원시 평동,1,1,,,1,,,126.9745163,37.24303173
202000090,화서역,"시내,마을",일반,경기도 수원시 화서2동,1,1,,,1,,,126.9901066,37.28389528
203000242,원천삼성1차아파트.팩토리월드,시내,일반,경기도 수원시 원천동,1,1,,,1,,,127.0640222,37.26593291
201000353,들바람공원,"시내,마을",일반,경기도 수원시 평동,1,1,,,1,,,126.9776779,37.24114151
200000004,문암골,시내,일반,경기도 수원시 연무동,,,,,,,,127.0277477,37.30910832
201000065,고색삼거리,시내,일반,경기도 수원시 평동,,1,,,1,,,126.988651,37.25375247
201000137,우방아파트,"시내,마을",일반,경기도 수원시 서둔동,1,1,1,,,,,126.9748713,37.26889658
200000293,동원고교.해우재입구,"시내,마을",일반,경기도 수원시 파장동,1,1,1,,,,,126.9816114,37.31583024
202000082,한국전력경기사업본부.한라시그마팰리스,"시내,마을",일반,경기도 수원시 인계동,1,1,,,1,,,127.0286947,37.277848
200000276,동원고교.해우재입구,시내,일반,경기도 수원시 파장동,1,1,1,,,,,126.9836327,37.3172166
201000382,농수산물사거리,시내,일반,경기도 수원시 권선2동,,1,,,1,,,127.0284296,37.25264499
201000383,권선보성.두산동아.신우아파트,시내,일반,경기도 수원시 권선2동,,1,,,1,,,127.0272837,37.25007778
201000350,우림.대한아파트,"시내,마을",일반,경기도 수원시 평동,1,1,1,,,,,126.9778248,37.24734087
203000217,망포고등학교,"시내,마을",일반,경기도 수원시 태장동,1,1,1,,,,,127.0460995,37.23409991
203000244,원천신미주아파트,시내,일반,경기도 수원시 원천동,1,1,,,1,,,127.0674641,37.267215
200000283,한마루.한국아파트,시내,일반,경기도 수원시 정자3동,1,1,,,1,,,126.9878623,37.29191149
200000266,경기도립수원의료원.두견마을,시내,일반,경기도 수원시 정자2동,1,1,,,1,,,126.9958059,37.29065938
201000359,홈플러스서수원점,시내,일반,경기도 수원시 금곡동,1,1,,1,,,,126.9556086,37.27475369
201000354,고색체육공원,시내,일반,경기도 수원시 평동,1,1,1,,,,,126.9775049,37.24423871
201000185,입북동삼거리,시내,일반,경기도 수원시 입북동,,,,,,,,126.9604598,37.29225241
200000245,조원고등학교,"시내,마을",일반,경기도 수원시 조원1동,,,,,,,,127.015339,37.30575249
201000327,오현초등학교,시내,일반,경기도 수원시 평동,1,1,,,1,,,126.9682635,37.24579235
203000243,원천신미주아파트,시내,일반,경기도 수원시 원천동,1,1,,,1,,,127.0662357,37.26700274
202000092,월드메르디앙,시내,일반,경기도 수원시 우만2동,,1,,,1,,,127.0370451,37.28016427
201000372,당수동,"시내,마을",일반,경기도 수원시 입북동,,,,,,,,126.944845,37.29404131
200000241,밤꽃마을뜨란채아파트,"시내,마을",일반,경기도 수원시 율천동,,,,,,,,126.970448,37.30624753
201000265,권선초등학교,시내,일반,경기도 수원시 권선1동,,1,,1,,,,127.0230559,37.26380677
203000185,삼성DigitalCity홍보관,시내,일반,경기도 수원시 매탄3동,1,1,,,1,,,127.0570941,37.25861941
203000183,영통뜨란채아파트,시내,일반,경기도 수원시 영통2동,1,1,1,,,,,127.0649456,37.24371147
202000081,매향동,"시내,마을",일반,경기도 수원시 행궁동,,1,,,,1,,127.0208439,37.28243459
201000112,세류3동주민센터.버드내노인복지회관,시내,일반,경기도 수원시 세류3동,1,1,1,,,,,127.0128416,37.26023108
201000260,국립축산과학원,"시내,마을",일반,경기도 수원시 평동,1,1,,,1,,,126.9663063,37.23613487
200000271,동성아울렛,"시내,시외",일반,경기도 수원시 영화동,,1,,,1,,,127.0122203,37.29134276
200000265,정자초교사거리,"시내,마을",일반,경기도 수원시 정자1동,1,1,,,1,,,126.9970411,37.30116518
201000322,금곡동강남아파트,시내,일반,경기도 수원시 금곡동,1,1,1,,,,,126.9544718,37.27937267
201000318,구운동하이마트,시내,일반,경기도 수원시 구운동,1,1,1,,,,,126.9687694,37.27501888
201000310,입북동주민센터,"시내,마을",일반,경기도 수원시 입북동,,1,,,1,,,126.9597086,37.29412331
201000312,웅비아파트,"시내,마을",일반,경기도 수원시 입북동,1,1,1,,,,,126.9580408,37.29765626
203000189,광교더샵주상복합,"시내,마을",일반,경기도 수원시 광교1동,1,1,,,,1,,127.0626346,37.27122857
203000188,광교더샵주상복합,"시내,마을",일반,경기도 수원시 원천동,1,1,,,,1,,127.0618955,37.27045074
200000202,한국은행,시내,일반,경기도 수원시 영화동,1,1,,,1,,,127.0094399,37.28664966
201000076,입북동입구,시내,일반,경기도 수원시 입북동,1,1,1,,,,,126.9604957,37.29161651
201000074,전원아파트.한라녹턴아파트,시내,일반,경기도 수원시 세류2동,,1,,,1,,,127.0153972,37.25443076
201000073,큰갓띠,"시내,마을",일반,경기도 수원시 입북동,,,,,,,,126.9512339,37.29475499
201000068,평동,시내,일반,경기도 수원시 평동,,1,,,1,,,126.9943879,37.25939344
201000066,자동차매매센터,시내,일반,경기도 수원시 평동,,1,,,1,,,126.9908037,37.25558179
201000018,고색역.고색초교.태산아파트,"시내,마을,시외",일반,경기도 수원시 평동,,1,1,,,,,126.9796907,37.25064258
201000017,수원여자대학입구,"시내,마을",일반,경기도 수원시 평동,,1,1,,,,,126.965637,37.24671064
201000015,가게앞.평동,시내,일반,경기도 수원시 평동,,,,,,,,126.9955384,37.26069122
201000269,매교역3번출구.성원아파트,시내,일반,경기도 수원시 세류3동,,1,,,1,,,127.0148489,37.2642585
201000110,수원가구거리,시내,일반,경기도 수원시 권선1동,1,1,,,1,,,127.0274597,37.25887369
201000342,세류2동주민센터,시내,일반,경기도 수원시 세류2동,1,1,1,,,,,127.0111727,37.25532051
201000100,가온마을4단지.서수원칠보체육관,시내,일반,경기도 수원시 금곡동,1,1,,1,,,,126.9473314,37.27394934
201000099,칠보중학교.칠보고등학교.극도스타클래스,시내,일반,경기도 수원시 금곡동,1,1,,1,,,,126.9448396,37.27416047
201000095,신미주아파트,시내,일반,경기도 수원시 금곡동,,1,1,,,,,126.9541398,37.26871049
201000086,수원센트럴타운1단지.유천교,"시내,마을",일반,경기도 수원시 세류1동,1,1,1,,,,,127.0096519,37.2635519
201000085,수원센트럴타운1.2단지,시내,일반,경기도 수원시 세류1동,,1,,,1,,,127.008382,37.2634221
201000081,세류현대아파트,시내,일반,경기도 수원시 권선1동,,1,,,1,,,127.0184104,37.26021239
201000080,수원농협권선지점,시내,일반,경기도 수원시 권선1동,,1,,,1,,,127.0171586,37.25788789
201000079,세권사거리,시내,일반,경기도 수원시 권선1동,,1,,,1,,,127.020619,37.25646375
201000064,고색파출소.종합공구단지,"시내,마을",일반,경기도 수원시 평동,1,1,1,,,,,126.9867233,37.25265616
201000063,고색동입구.고색삼거리,시내,일반,경기도 수원시 평동,,1,,,1,,,126.9891357,37.25399581
201000062,자동차매매센터,시내,일반,경기도 수원시 평동,,1,,,1,,,126.9908263,37.25543763
201000061,평동행정복지센터,시내,일반,경기도 수원시 평동,1,1,1,,,,,126.9934186,37.25806886
201000060,평동,시내,일반,경기도 수원시 평동,1,1,1,,,,,126.9942301,37.25904203
201000059,가게앞.평동,시내,일반,경기도 수원시 평동,1,1,1,,,,,126.9957128,37.26070877
201000056,농수산물시장,시내,일반,경기도 수원시 권선1동,,1,,,1,,,127.0301498,37.25699354
201000053,권선시장앞,시내,일반,경기도 수원시 권선1동,,1,,,1,,,127.0238201,37.25586851
201000049,새터마을,시내,일반,경기도 수원시 세류2동,1,1,1,,,,,127.0086243,37.2556923
201000048,세류중학교.아세아시멘트,시내,일반,경기도 수원시 세류1동,1,1,,,1,,,127.0056121,37.25867434
201000042,권선중학교,시내,일반,경기도 수원시 세류2동,1,1,1,,,,,127.0178134,37.24892357
201000041,공군관사,시내,일반,경기도 수원시 권선2동,1,1,1,,,,,127.0173009,37.24286962
201000034,웃거리,"시내,마을,시외",일반,경기도 수원시 구운동,1,1,1,,,,,126.9788366,37.27673716
201000031,웃거리,"시내,마을,시외",일반,경기도 수원시 서둔동,1,1,,,1,,,126.9789285,37.27708423
201000026,대명고등학교,"시내,시외",일반,경기도 수원시 입북동,1,1,1,,,,,126.942303,37.29523331
201000021,중보들공원,"시내,마을",일반,경기도 수원시 평동,1,,,,,,,126.9914333,37.24491639
200000154,만석공원테니스장,시내,일반,경기도 수원시 송죽동,1,1,1,,,,,127.0000686,37.30303065
200000189,장안공원,시내,일반,경기도 수원시 영화동,1,1,,,1,,,127.0130406,37.28850686
200000153,송죽희성연인아파트.연세수요양병원,시내,일반,경기도 수원시 송죽동,1,1,1,,,,,127.001016,37.30440923
200000150,로얄팰리스,시내,일반,경기도 수원시 송죽동,1,1,1,,,,,127.0083201,37.29542735
200000085,경기대수원캠퍼스입구,시내,일반,경기도 수원시 연무동,,,,,,,,127.0298221,37.29959435
200000176,용머리앞,시내,일반,경기도 수원시 연무동,,,,,,,,127.015601,37.32121183
200000174,상광교신다리.광교로컬푸드직매장,시내,일반,경기도 수원시 연무동,,,,,,,,127.0149466,37.32768841
200000173,상광교마을회관,시내,일반,경기도 수원시 연무동,,,,,,,,127.0148726,37.32963461
200000200,장안지하차도.수원KT위즈파크,시내,일반,경기도 수원시 조원2동,1,1,1,,,,,127.0081737,37.30205268
201000314,권선구청,"시내,마을",일반,경기도 수원시 서둔동,,,,,,,,126.9711566,37.25700811
203000195,백자아파트,시내,일반,경기도 수원시 매탄2동,1,1,,,1,,,127.0543647,37.26731998
200000247,연무동,"시내,마을",일반,경기도 수원시 연무동,1,1,1,,,,,127.0319494,37.29265914
200000240,화남아파트,시내,일반,경기도 수원시 율천동,1,1,1,,,,,126.9654023,37.30037172
200000172,새마을주택,시내,일반,경기도 수원시 연무동,,,,,,,,127.0154881,37.33232375
200000167,연무시장입구.연무동문화센터,시내,일반,경기도 수원시 연무동,,1,,,1,,,127.0261008,37.29321702
200000162,성균관대학교,시내,일반,경기도 수원시 율천동,1,1,1,,,,,126.9710126,37.29726987
200000161,성균관대역,"시내,마을",일반,경기도 수원시 율천동,,1,,1,,,,126.9728866,37.29992765
200000159,성균관대학교,시내,일반,경기도 수원시 율천동,1,1,1,,,,,126.9704854,37.29707979
200000157,한일타운,시내,일반,경기도 수원시 조원1동,,,,,,,,127.012469,37.30450145
200000156,온누리교회,시내,일반,경기도 수원시 송죽동,1,1,1,,,,,127.0007566,37.30445428
200000146,삼익아파트.광교산입구,시내,일반,경기도 수원시 파장동,1,1,,,1,,,126.9944795,37.30947113
200000144,교육청사거리,시내,일반,경기도 수원시 영화동,1,1,1,,,,,127.0182934,37.29172154
200000143,수원농생고.수원북중학교,시내,일반,경기도 수원시 영화동,1,1,1,,,,,127.0208203,37.29354023
200000139,장안문,시내,일반,경기도 수원시 영화동,1,1,1,,,,,127.0133536,37.29030752
200000134,정자초교사거리,시내,일반,경기도 수원시 정자3동,1,1,,,1,,,126.996736,37.30053486
200000132,벽산블루밍아파트,"시내,마을",일반,경기도 수원시 정자1동,,1,1,,,,,126.9950632,37.30571566
200000130,SK스카이뷰.SK아트리움,"시내,마을",일반,경기도 수원시 파장동,1,1,1,,,,,126.9887428,37.30920861
200000128,이목동입구,시내,일반,경기도 수원시 정자1동,1,1,1,,,,,126.9862637,37.31391836
200000127,SK스카이뷰.SK아트리움,"시내,마을",일반,경기도 수원시 정자1동,1,1,1,,,,,126.9883081,37.30937572
200000123,만석공원.정자초교.벽산아파트,시내,일반,경기도 수원시 정자3동,1,1,,,1,,,126.9963585,37.29940106
200000120,동신아파트,"시내,마을",일반,경기도 수원시 정자1동,1,1,,,1,,,126.9941744,37.3026758
201000013,곡반정동입구,시내,일반,경기도 수원시 곡선동,1,1,1,,,,,127.0217738,37.23336094
200000117,북수원시장.효자문사거리,"시내,마을",일반,경기도 수원시 정자1동,,1,1,,,,,126.9909379,37.30632476
200000116,동신아파트,"시내,마을",일반,경기도 수원시 정자1동,1,1,1,,,,,126.9941568,37.30229582
200000115,정자종합시장,시내,일반,경기도 수원시 영화동,1,1,,,1,,,127.0013544,37.29012791
200000105,천일초교,시내,일반,경기도 수원시 정자3동,1,1,,,1,,,126.9779733,37.30007294
200000103,신안아파트,"시내,마을",일반,경기도 수원시 정자3동,1,1,1,,,,,126.9757053,37.30275753
200000101,천천중학교,"시내,마을",일반,경기도 수원시 정자3동,1,1,1,,,,,126.9821269,37.29915071
200000094,동원고교.해우재입구,시내,일반,경기도 수원시 파장동,1,1,,,1,,,126.9839585,37.31695925
200000093,KT수원지사.국민연금북수원지사,시내,일반,경기도 수원시 영화동,1,1,,,1,,,127.011444,37.29239115
200000092,삼환나우빌아파트,시내,일반,경기도 수원시 정자2동,1,1,,,1,,,126.990824,37.29307323
200000091,풍림아파트,시내,일반,경기도 수원시 정자1동,1,1,1,,,,,126.9920721,37.29861523
200000087,광교공원.경기대수원캠퍼스입구,시내,일반,경기도 수원시 연무동,,,,,,,,127.0295586,37.29978041
201000326,오현초등학교,시내,일반,경기도 수원시 평동,,1,,,1,,,126.9681735,37.245513
200000251,수원고용노동청,"시내,마을",일반,경기도 수원시 율천동,1,1,1,,,,,126.9728456,37.30251694
200000044,정자2동주민센터,시내,일반,경기도 수원시 정자2동,,1,,,1,,,127.0003657,37.29457083
200000083,교육청사거리,시내,일반,경기도 수원시 영화동,1,1,1,,,,,127.0198547,37.29210989
200000079,수일여중.대우건설기술연구원.경기도융합과학교육원,시내,일반,경기도 수원시 송죽동,1,1,,,1,,,127.002598,37.30585347
200000078,수일중학교,시내,일반,경기도 수원시 파장동,1,1,,,1,,,126.999878,37.30709485
200000077,한국가스안전공사.택시공제조합,시내,일반,경기도 수원시 파장동,1,1,,,1,,,126.997464,37.30815934
200000075,경기도인재개발원.경기연구원.경기도평생교육진흥원.경기도가족여성연구원,"시내,시외",일반,경기도 수원시 파장동,1,1,,,1,,,126.9903458,37.31159184
200000074,지지대교차로,시내,일반,경기도 수원시 파장동,1,1,,,1,,,126.9883353,37.31877088
203000152,영통아이파크캐슬1단지.래미안영통마크원2단지,시내,일반,경기도 수원시 태장동,1,1,,,1,,,127.0462857,37.245039
203000172,수원정보과학고.원천중학교,"시내,마을",일반,경기도 수원시 원천동,1,1,,1,,,,127.0503505,37.27641081
203000170,아주대병원,"시내,마을,시외",일반,경기도 수원시 원천동,1,1,1,,,,,127.0471673,37.2779514
203000169,수원정보과학고.원천중학교,"시내,마을",일반,경기도 수원시 원천동,,1,,,1,,,127.0507118,37.2755918
203000164,경기소방본부,시내,일반,경기도 수원시 권선1동,1,1,1,,,,,127.0365126,37.25560413
202000076,자유총연맹,시내,일반,경기도 수원시 인계동,1,1,1,,,,,127.0398017,37.264197
202000075,경기아트센터.매탄위브하늘채,시내,일반,경기도 수원시 인계동,1,1,1,,,,,127.0389137,37.26215267
202000002,경기소방본부,시내,일반,경기도 수원시 권선1동,1,1,1,,,,,127.0360843,37.25558624
203000158,영통입구,"시내,시외",일반,경기도 수원시 영통1동,,,,,,,,127.0831082,37.26877392
203000157,살구골동아아파트,시내,일반,경기도 수원시 영통2동,1,1,2,,,,,127.0680567,37.24774258
201000259,서둔동,"시내,마을",일반,경기도 수원시 서둔동,1,1,1,,,,,126.9861743,37.27072899
201000258,서호중학교,"시내,마을",일반,경기도 수원시 서둔동,1,1,,,1,,,126.9880661,37.26816057
201000256,서호초등학교,"시내,마을",,경기도 수원시 서둔동,1,1,1,,,,,126.9907088,37.26855577
201000255,서호중학교,"시내,마을",일반,경기도 수원시 서둔동,1,1,1,,,,,126.9879658,37.26864045
201000254,서둔동주민센터,"시내,마을",일반,경기도 수원시 서둔동,,1,1,,,,,126.9866497,37.27032473
201000253,구운중학교,"시내,마을",일반,경기도 수원시 구운동,1,1,1,,,,,126.9771962,37.27593887
201000252,탑동초등학교.삼성아파트,시내,일반,경기도 수원시 구운동,1,1,1,,,,,126.9740061,37.2753492
201000251,구운동주민센터.서수원도서관,시내,일반,경기도 수원시 구운동,1,1,1,,,,,126.9701903,37.27440075
201000250,칠보입구,시내,일반,경기도 수원시 금곡동,,,,,,,,126.9607897,37.27124224
201000248,신미주아파트,시내,일반,경기도 수원시 금곡동,,1,,,1,,,126.9540036,37.26761959
201000247,호매실쌍용아파트,시내,일반,경기도 수원시 금곡동,1,1,,,1,,,126.9515078,37.26751066
201000245,와이씨티칠보마을6단지.LG빌리지1차아파트,시내,일반,경기도 수원시 금곡동,1,1,,1,,,,126.9386756,37.26995429
201000244,LG빌리지2차.휴먼시아5단지아파트,시내,일반,경기도 수원시 금곡동,1,1,,1,,,,126.938144,37.27311607
201000243,"가온마을3단지,모아미래도아파트",시내,일반,경기도 수원시 금곡동,1,1,,1,,,,126.9418438,37.27492647
201000242,당수동시민농장,시내,일반,경기도 수원시 입북동,,,,,,,,126.9408341,37.28346274
201000240,당수동인정.한라.쌍용아파트,시내,일반,경기도 수원시 입북동,1,1,1,,,,,126.9407478,37.29225619
201000238,곡반정동차고지,시내,일반,경기도 수원시 곡선동,,,,,,,,127.0225448,37.23427544
201000235,곡반중학교.수원아이파크,시내,일반,경기도 수원시 권선2동,,,,,,,,127.0313455,37.24514939
201000234,축산물유통센터.수원아이파크4단지,시내,일반,경기도 수원시 권선2동,,,,,,,,127.0283662,37.24098198
201000230,세평지하도,시내,일반,경기도 수원시 세류1동,,1,,,,1,,127.0042072,37.26185795
201000229,농수산물유통센터,시내,일반,경기도 수원시 구운동,1,1,,,1,,,126.968974,37.28289491
201000228,수원센트럴타운3단지.세류동성당,"시내,마을",일반,경기도 수원시 세류1동,1,1,,,1,,,127.0049111,37.26189534
203000168,교통공원,시내,일반,경기도 수원시 영통2동,,,,,,,,127.0654094,37.24620797
203000166,경기대수원캠퍼스후문.수원박물관,시내,일반,경기도 수원시 광교1동,1,1,,,1,,,127.0394665,37.29677002
201000220,한국산업인력공단,"시내,마을",일반,경기도 수원시 서둔동,,,,,,,,126.9681896,37.25848109
201000217,탑동우방아파트,시내,일반,경기도 수원시 서둔동,,,,,,,,126.9712144,37.26880595
201000215,한국산업인력공단,"시내,마을",일반,경기도 수원시 서둔동,,,,,,,,126.9681649,37.25858802
201000212,수원버스터미널,시내,일반,경기도 수원시 권선2동,,,,,,,,127.020153,37.25087238
201000209,평생교육학습관.남수원중학교.온수골,시내,일반,경기도 수원시 권선2동,1,1,1,,,,,127.0340713,37.25099709
201000208,대원아파트,시내,일반,경기도 수원시 권선2동,1,1,1,,,,,127.0327749,37.24795736
202000024,인계동파밀리에아파트,"시내,마을",일반,경기도 수원시 인계동,,1,,,1,,,127.0227278,37.26944558
200000188,장안문.느림보타운,"시내,시외",일반,경기도 수원시 영화동,1,1,1,,,,,127.0126094,37.2912807
200000187,수원종합운동장.수원시체육회관.아너스빌위즈,시내,일반,경기도 수원시 조원1동,1,1,,,1,,,127.0089197,37.29624895
200000181,보훈교육원.반딧불이연무시장,시내,일반,경기도 수원시 연무동,1,1,,,1,,,127.0254373,37.29637483
203000108,망포중학교,시내,일반,경기도 수원시 태장동,1,1,,,1,,,127.05661,37.23877412
201000204,매탄권선역.화홍고등학교,시내,일반,경기도 수원시 곡선동,1,1,,,1,,,127.0405214,37.25271549
203000098,래미안영통마크원2단지,시내,일반,경기도 수원시 태장동,1,1,,,1,,,127.0475535,37.24745962
203000095,원천초교,시내,일반,경기도 수원시 매탄2동,1,1,,,1,,,127.0541056,37.26756337
202000071,국제사이버대학교.인계사거리,시내,일반,경기도 수원시 인계동,1,1,1,,,,,127.0278527,37.26943378
202000068,동부지구대.수원시장기요양지원센터.수병원,시내,일반,경기도 수원시 우만1동,1,1,1,,,,,127.0305605,37.28047918
202000065,동부지구대.수원시장기요양지원센터.수병원,시내,일반,경기도 수원시 지동,1,1,1,,,,,127.0299615,37.28051048
202000063,인계사거리,시내,일반,경기도 수원시 인계동,1,1,1,,,,,127.026513,37.26718805
202000062,수원시청사거리.윌스기념병원,시내,일반,경기도 수원시 인계동,1,1,1,,,,,127.0253023,37.26416377
202000060,창룡문.연무대,"시내,마을",일반,경기도 수원시 행궁동,1,1,1,,,,,127.0243242,37.28814344
200000198,GS아파트.천천푸르지오,"시내,마을",일반,경기도 수원시 율천동,1,1,1,,,,,126.9799874,37.28930137
202000055,창룡문.연무대,"시내,마을",일반,경기도 수원시 행궁동,1,1,,,1,,,127.0242237,37.28724672
202000054,여권민원실.풍림아파트,시내,일반,경기도 수원시 우만1동,1,1,1,,,,,127.0331201,37.28746627
202000053,우만동4단지,"시내,마을",일반,경기도 수원시 연무동,1,1,2,,,,,127.0309214,37.29224834
202000051,2001아울렛,"시내,마을",일반,경기도 수원시 인계동,1,1,1,,,,,127.0223714,37.27530409
202000050,성빈센트병원,"시내,마을",일반,경기도 수원시 인계동,1,1,1,,,,,127.0261173,37.27635395
202000048,2001아울렛,"시내,마을",일반,경기도 수원시 인계동,,1,1,,,,,127.021449,37.2754202
202000031,영동시장,"시내,마을",일반,경기도 수원시 행궁동,1,1,1,,,,,127.0185408,37.27535881
202000030,팔달문,"시내,마을",일반,경기도 수원시 행궁동,1,1,,,1,,,127.017306,37.27770284
202000029,팔달문.이안과,"시내,마을",일반,경기도 수원시 행궁동,1,1,,,1,,,127.0168244,37.27997087
202000025,인계동파밀리에아파트,시내,일반,경기도 수원시 인계동,1,1,1,,,,,127.0226738,37.26967558
203000072,원천레이크파크아파트,시내,일반,경기도 수원시 원천동,1,1,,1,,,,127.062856,37.26972165
202000005,아주대.아주대병원입구,시내,일반,경기도 수원시 원천동,1,1,1,,,,,127.0437249,37.27861853
203000065,극동.풍림아파트,"시내,마을",일반,경기도 수원시 영통2동,1,1,1,,,,,127.0688132,37.24927391
203000062,연화장,시내,일반,경기도 수원시 광교1동,,,,,,,,127.0831812,37.2908896
203000054,무궁화전자,시내,일반,경기도 수원시 원천동,1,1,,,1,,,127.0635417,37.26183392
203000053,대광빌리지,시내,일반,경기도 수원시 원천동,,1,1,,,,,127.0648508,37.25904039
203000052,지역난방공사.신나무실쌍용아파트,시내,일반,경기도 수원시 영통2동,1,1,1,,,,,127.0659493,37.25645276
200000179,수원북중학교.수원농생고,시내,일반,경기도 수원시 영화동,1,1,,,1,,,127.0210909,37.29415389
200000178,KB손해보험인재니움,시내,일반,경기도 수원시 영화동,1,1,1,,,,,127.0179438,37.29176664
200000177,장안문,시내,일반,경기도 수원시 영화동,1,1,1,,,,,127.0154387,37.29014117
202000021,수원시청역2번출구.벽산그랜드코아,시내,일반,경기도 수원시 권선1동,1,1,,,1,,,127.031487,37.26023684
202000079,청소년문화센터,시내,일반,경기도 수원시 매탄1동,1,1,,,1,,,127.0372996,37.27500318
202000016,수원고용복지플러스센터.동수원병원.라마다호텔,시내,일반,경기도 수원시 우만2동,1,1,,,1,,,127.0352026,37.2776329
202000014,인계선경아파트,시내,일반,경기도 수원시 우만2동,1,1,1,,,,,127.0366034,37.27688608
202000010,수원시청역8번출구.씨네파크.헌혈의집,시내,,경기도 수원시 인계동,1,1,,,1,,,127.0324467,37.26378667
202000007,성빈센트병원,"시내,마을",일반,경기도 수원시 인계동,1,1,1,,,,,127.0271832,37.27710836
203000104,황골주공아파트,시내,일반,경기도 수원시 영통1동,1,1,,,1,,,127.0814842,37.26456769
203000101,그린빌주공5단지,시내,일반,경기도 수원시 매탄3동,1,1,,,1,,,127.0406945,37.25546767
201000203,미영아파트,시내,일반,경기도 수원시 세류2동,1,1,1,,,,,127.0134329,37.24708794
201000201,세류2동.세류역환승주차장,시내,일반,경기도 수원시 세류2동,1,1,1,,,,,127.0152893,37.2420174
201000200,곡반초등학교,시내,일반,경기도 수원시 곡선동,1,1,,,1,,,127.0366659,37.24599002
201000199,선일초등학교,시내,일반,경기도 수원시 권선2동,1,1,,,1,,,127.0288936,37.24755833
201000197,수원버스터미널,시내,일반,경기도 수원시 권선2동,1,1,1,,,,,127.0197156,37.24979622
201000187,구운동삼환아파트,"시내,마을",일반,경기도 수원시 구운동,1,1,,,1,,,126.9789935,37.28311574
201000184,당수동인정.한라.쌍용아파트,시내,일반,경기도 수원시 입북동,1,1,,,1,,,126.9408804,37.29189093
201000183,당수동삼정아파트,시내,일반,경기도 수원시 입북동,1,1,,,1,,,126.9438997,37.29140257
201000182,당수동시민농장,시내,일반,경기도 수원시 입북동,1,1,1,,,,,126.9404088,37.2842368
201000181,"모아미래도아파트,가온마을3단지",시내,일반,경기도 수원시 금곡동,1,1,,1,,,,126.9416396,37.27508085
201000179,LG빌리지1차.와이씨티칠보마을6단지아파트,시내,일반,경기도 수원시 금곡동,1,1,,1,,,,126.9383614,37.27025084
203000074,영통역8번출구,"시내,마을",일반,경기도 수원시 영통2동,1,1,1,,,,,127.0718481,37.25237172
201000154,권선대림아파트,시내,일반,경기도 수원시 곡선동,1,1,,,1,,,127.0385022,37.24666123
201000152,청구1차아파트,"시내,마을",일반,경기도 수원시 평동,1,1,,,1,,,126.9680008,37.2399944
201000151,오목천주공아파트,"시내,마을",일반,경기도 수원시 평동,1,1,1,,,,,126.9639223,37.240287
201000150,칠보중학교.칠보고등학교.극도스타클래스,시내,일반,경기도 수원시 금곡동,1,1,,1,,,,126.9448258,37.27398383
201000149,칠보마을8단지.서수원칠보체육관,시내,일반,경기도 수원시 금곡동,1,1,,1,,,,126.9470393,37.27379557
201000148,구운동,시내,일반,경기도 수원시 구운동,,,,,,,,126.9687469,37.27914234
201000143,곡반정동차고지,시내,일반,경기도 수원시 곡선동,,,,,,,,127.022802,37.2343605
201000141,경기도기숙사.수원유스호스텔.농업유전자원센터,시내,일반,경기도 수원시 서둔동,,,,,,,,126.983631,37.26462196
201000139,탑동입구,"시내,마을",일반,경기도 수원시 서둔동,,1,,,1,,,126.9799217,37.26902349
203000080,원천레이크파크아파트,시내,일반,경기도 수원시 원천동,,1,,,1,,,127.0622796,37.26795592
203000078,황골마을,시내,일반,경기도 수원시 영통1동,1,1,1,,,,,127.0818733,37.26736758
201000138,탑골1길,시내,일반,경기도 수원시 서둔동,1,1,1,,,,,126.9772726,37.2693386
201000134,탑동사거리,"시내,마을",일반,경기도 수원시 서둔동,1,1,1,,,,,126.9797826,37.26894898
203000042,푸르지오월드마크.차세대융합기술연구원,"시내,마을",일반,경기도 수원시 광교1동,,1,,1,,,,127.0474494,37.29240687
203000037,경희대정문,시내,일반,경기도 수원시 영통1동,,,,,,,,127.0785262,37.24779039
203000035,경기대수원캠퍼스후문,"시내,마을",일반,경기도 수원시 광교1동,1,1,,1,,,,127.0417948,37.29785974
203000034,경기대수원캠퍼스후문,"시내,마을",일반,경기도 수원시 광교1동,1,1,,1,,,,127.0419551,37.29776985
203000029,삼성전자후문,시내,일반,경기도 수원시 매탄3동,1,1,,,1,,,127.0494973,37.26246975
203000028,삼성전자중앙문,시내,일반,경기도 수원시 매탄3동,1,1,,,1,,,127.048115,37.25925252
203000026,매탄고등학교.그린빌주공1.2단지,시내,일반,경기도 수원시 매탄3동,1,1,,,1,,,127.0438659,37.26246762
203000025,매탄고등학교.매탄위브하늘채,시내,일반,경기도 수원시 매탄3동,1,1,1,,,,,127.0435277,37.26232358
203000024,영통구청,시내,일반,경기도 수원시 매탄3동,1,1,,,1,,,127.0431093,37.25996301
203000023,삼성전자중앙문,시내,일반,경기도 수원시 매탄3동,1,1,,,1,,,127.0486777,37.25944734
203000017,벽산e빌리지,"시내,마을",일반,경기도 수원시 태장동,1,1,,,1,,,127.0473955,37.23829644
201000177,호매실쌍용아파트,시내,일반,경기도 수원시 금곡동,1,1,,,1,,,126.9515969,37.26735829
201000176,신미주아파트,시내,일반,경기도 수원시 금곡동,1,1,,,1,,,126.9548379,37.26747575
201000174,칠보입구,시내,일반,경기도 수원시 금곡동,,,,,,,,126.9609362,37.27154871
201000173,구운동주민센터.서수원도서관,"시내,마을",일반,경기도 수원시 구운동,1,1,,,1,,,126.9705647,37.2742733
201000172,탑동초등학교.삼성아파트,시내,일반,경기도 수원시 구운동,1,1,,,1,,,126.9746436,37.27525783
201000171,구운중학교,"시내,마을",일반,경기도 수원시 구운동,1,1,1,,,,,126.976483,37.27557215
201000170,서둔동주민센터,"시내,마을",일반,경기도 수원시 서둔동,,1,,1,,,,126.985678,37.2722048
201000168,수원여대입구,"시내,마을",일반,경기도 수원시 평동,,1,,,1,,,126.9652656,37.24597449
201000167,오목천동사거리,"시내,마을,시외",일반,경기도 수원시 평동,,1,,1,,,,126.9635762,37.24482476
201000164,오목천동사거리,"시내,마을,시외",일반,경기도 수원시 평동,,1,,,1,,,126.9636895,37.24495124
201000163,오목천동삼거리.수원여대입구,"시내,마을",일반,경기도 수원시 평동,,,,,,,,126.9657522,37.24616236
201000162,권선대림아파트,시내,일반,경기도 수원시 곡선동,1,1,,,1,,,127.0388473,37.24656148
202000003,수원시청.수원일자리센터,시내,일반,경기도 수원시 권선1동,1,1,,,1,,,127.0279407,37.26284431
201000130,청구1차아파트,"시내,마을",일반,경기도 수원시 평동,1,1,,,1,,,126.9692803,37.24022905
201000128,경기도장애인복지지원센터누림,"시내,마을",일반,경기도 수원시 평동,,,,,,,,126.9715705,37.2389569
201000121,동아엘텍,"시내,마을",일반,경기도 수원시 평동,,,,,,,,126.9865977,37.24306528
201000118,수원아이파크시티.선일초교,시내,일반,경기도 수원시 권선2동,1,1,1,,,,,127.0281,37.24749722
201000117,구운사거리,시내,일반,경기도 수원시 구운동,,1,,,1,,,126.9692835,37.28543816
201000116,서수원버스터미널,"시내,마을",일반,경기도 수원시 구운동,,1,1,,,,,126.9708633,37.28290668
201000104,세류사거리.세류2동주민센터,시내,일반,경기도 수원시 세류2동,1,1,1,,,,,127.0114299,37.25474993
201000311,입북동주민센터,"시내,마을",일반,경기도 수원시 입북동,1,1,1,,,,,126.9594882,37.29455921
201000330,웅비아파트,"시내,마을",일반,경기도 수원시 입북동,1,1,1,,,,,126.9581911,37.29767751
203000197,효원초등학교,시내,일반,경기도 수원시 매탄3동,,1,,,1,,,127.0410572,37.25922487
203000077,황골주공.벽산아파트,시내,일반,경기도 수원시 영통1동,1,1,1,,,,,127.0819049,37.26529517
203000076,청명역6번출구.황골주공1단지,시내,일반,경기도 수원시 영통1동,1,1,,,1,,,127.0795663,37.26051224
200000069,율전성당.성균관대역,"시내,마을",일반,경기도 수원시 율천동,1,1,1,,,,,126.9726334,37.30136167
200000068,율전중학교,시내,일반,경기도 수원시 율천동,1,1,1,,,,,126.9658593,37.30108807
200000067,연무동차고지,시내,일반,경기도 수원시 연무동,,,,,,,,127.0300242,37.29824017
200000055,벽산아파트,시내,일반,경기도 수원시 조원1동,1,1,1,,,,,127.0201554,37.29666792
200000054,수성중학교.영화동행정복지센터,시내,일반,경기도 수원시 영화동,1,1,,,1,,,127.0132753,37.29416394
200000053,수성중학교.영화동행정복지센터,시내,일반,경기도 수원시 영화동,,1,,,1,,,127.0133993,37.29394768
200000052,벽산아파트,시내,일반,경기도 수원시 조원1동,,,,,,,,127.02052,37.2970896
200000045,정자사거리.수성고등학교,시내,일반,경기도 수원시 정자2동,,1,,,1,,,127.0022851,37.2921204
200000043,도체육회관.대림e-편한세상,시내,일반,경기도 수원시 정자2동,,1,,,1,,,126.9989277,37.29640117
200000042,이목동.장안힐스테이트,"시내,마을",일반,경기도 수원시 파장동,1,1,,,1,,,126.9853388,37.31403084
200000278,조원시장,시내,일반,경기도 수원시 조원1동,,1,,,1,,,127.0160506,37.30085638
200000279,조원시장,시내,일반,경기도 수원시 조원1동,,1,,,1,,,127.0161232,37.30064551
200000287,정천초등학교.천천푸르지오,시내,일반,경기도 수원시 정자3동,,1,,,1,,,126.983471,37.29131735
200000284,청솔주공아파트.효천초등학교,시내,일반,경기도 수원시 정자3동,1,1,,,1,,,126.9877668,37.2922361
200000285,성균관대역.고용노동부경기지청.율전성당,"시내,마을",일반,경기도 수원시 율천동,1,1,1,,,,,126.9731982,37.30152322
201000349,우림.대한아파트,"시내,마을",일반,경기도 수원시 평동,1,1,1,,,,,126.9779732,37.24588032
201000371,큰갓띠,"시내,마을",일반,경기도 수원시 입북동,,,,,,,,126.9513138,37.29466667
201000088,삼익아파트,시내,일반,경기도 수원시 세류3동,1,1,1,,,,,127.0172895,37.2619841
201000352,들바람공원,"시내,마을",일반,경기도 수원시 평동,1,1,,,1,,,126.977848,37.24092784
201000384,권선보성.두산동아.신우아파트,시내,일반,경기도 수원시 권선2동,,1,,,1,,,127.0273412,37.25097769
200000026,율전동,시내,일반,경기도 수원시 율천동,,1,,,1,,,126.9698064,37.30243173
200000020,중부경찰서,시내,일반,경기도 수원시 정자2동,1,1,,,1,,,126.9969671,37.29712882
200000017,광교산,시내,일반,경기도 수원시 연무동,,,,,,,,127.0171006,37.33428856
200000016,새마을주택,시내,일반,경기도 수원시 연무동,,,,,,,,127.0153358,37.33221145
200000015,상광교마을회관,시내,일반,경기도 수원시 연무동,,,,,,,,127.0147373,37.32953444
200000014,상광교신다리.광교로컬푸드직매장,시내,일반,경기도 수원시 연무동,,,,,,,,127.014797,37.3273482
200000013,용머리다리,시내,일반,경기도 수원시 연무동,,,,,,,,127.0154687,37.32345431
200000012,용머리앞,시내,일반,경기도 수원시 연무동,,,,,,,,127.0154809,37.32136254
200000010,하광교,시내,일반,경기도 수원시 연무동,,1,,,1,,,127.0191679,37.31553463
200000009,비석거리입구,시내,일반,경기도 수원시 연무동,,1,,,1,,,127.0209256,37.31324094
200000008,문암골,시내,일반,경기도 수원시 연무동,,1,,,1,,,127.0276999,37.30894625
200000005,광교산입구.경기대수원캠퍼스,시내,일반,경기도 수원시 연무동,1,1,,,1,,,127.0315459,37.3014618
200000003,비석거리입구,시내,일반,경기도 수원시 연무동,,,,,,,,127.0210539,37.31325683
200000001,하광교느티나무,시내,일반,경기도 수원시 연무동,,,,,,,,127.0169284,37.31762986
200000041,이목동.장안STX칸,"시내,마을",일반,경기도 수원시 파장동,1,1,,,1,,,126.9839895,37.31558514
200000037,KT수원지사.국민연금북수원지사,시내,일반,경기도 수원시 영화동,1,1,1,,,,,127.0115668,37.29269555
200000031,율전동,시내,일반,경기도 수원시 율천동,,,,,,,,126.9696632,37.30233005
200000028,신일아파트,시내,일반,경기도 수원시 율천동,1,1,,,1,,,126.9672574,37.30018985
200000027,율전초교,시내,일반,경기도 수원시 율천동,1,1,1,,,,,126.969197,37.29998545
203000220,센트럴하이츠아파트,"시내,마을",일반,경기도 수원시 태장동,1,1,1,,,,,127.060089,37.24160605
203000219,망포늘푸른벽산아파트후문,"시내,마을",일반,경기도 수원시 태장동,1,1,1,,,,,127.0601971,37.24143668
203000241,원천삼성1차아파트.삼일교회,시내,일반,경기도 수원시 원천동,1,1,,,1,,,127.0627447,37.265594
202000091,월드메르디앙,시내,일반,경기도 수원시 우만2동,1,1,,,1,,,127.0381287,37.27831574
201000365,서수원주민편익시설,"시내,마을",일반,경기도 수원시 평동,1,1,,,1,,,126.9727555,37.24838346
202000088,수원역,시내,일반,경기도 수원시 매산동,1,1,1,,,,,127.0001122,37.26798551
201000355,수원델타플렉스육교앞,"시내,마을",일반,경기도 수원시 평동,,1,1,,,,,126.9790863,37.24350226
203000143,영일중학교.수원출입국외국인청,"시내,마을",일반,경기도 수원시 영통1동,1,1,,,1,,,127.0751133,37.24924639
203000139,영통롯데아파트,"시내,마을",일반,경기도 수원시 영통2동,1,1,1,,,,,127.0613136,37.24669432
203000135,살구골공원.영통역3번출구,시내,일반,경기도 수원시 영통1동,,1,,1,,,,127.073539,37.24991791
203000129,매탄우남아파트,시내,일반,경기도 수원시 매탄3동,1,1,1,,,,,127.0426012,37.25845846
203000128,영통구청,시내,일반,경기도 수원시 매탄3동,1,1,1,,,,,127.0458148,37.25876987
203000123,영통역,"시내,마을",일반,경기도 수원시 영통1동,1,1,,,1,,,127.0739234,37.25381212
203000116,금성아파트.한국2차아파트,시내,일반,경기도 수원시 매탄2동,1,1,1,,,,,127.0562363,37.26742725
203000155,청와.쌍용.그대가센트럴파크아파트,시내,일반,경기도 수원시 태장동,1,1,,,1,,,127.0554494,37.24251212
203000154,망포그대가프리미어.쌍용아파트,시내,일반,경기도 수원시 영통2동,1,1,,,1,,,127.0534468,37.24585968
203000150,그대가프리미어아파트.망포역3번출구,시내,,경기도 수원시 태장동,1,1,1,,,,,127.0561861,37.24473018
203000149,태장초등학교,시내,일반,경기도 수원시 태장동,1,1,,,1,,,127.0553944,37.24090113
203000110,매탄성일아파트,시내,일반,경기도 수원시 매탄3동,1,1,1,,,,,127.0442416,37.26454972
200000040,도체육회관.대림e-편한세상,시내,일반,경기도 수원시 정자2동,1,1,,,1,,,126.9988903,37.29610431
200000039,정자2동주민센터.수성고등학교,시내,일반,경기도 수원시 정자2동,1,1,1,,,,,127.0005372,37.29400873
200000038,정자사거리,시내,일반,경기도 수원시 정자2동,1,1,,,1,,,127.0028919,37.29100672
200000036,풍림아파트입구,"시내,마을",일반,경기도 수원시 정자3동,1,1,,,1,,,126.9952572,37.29792856
200000021,풍림아파트입구,"시내,마을",일반,경기도 수원시 정자3동,1,1,,,1,,,126.9949992,37.29788345
200000291,백선교회,시내,일반,경기도 수원시 파장동,1,1,,,,1,,126.9780321,37.31149436
201000288,매교역5번출구.경기도박치료센터,"시내,마을",일반,경기도 수원시 세류3동,1,1,1,,,,,127.0135029,37.26610237
201000287,매교역4번출구.경기도박치료센터,시내,일반,경기도 수원시 매교동,1,1,,,1,,,127.0150629,37.26552308
202000044,매교다리,"시내,마을",일반,경기도 수원시 매교동,1,1,1,,,,,127.0168722,37.27192269
202000043,월드컵경기장입구.우만아파트주공3단지,"시내,마을,시외",일반,경기도 수원시 연무동,1,1,1,,,,,127.0325504,37.29238939
202000036,여권민원실.풍림아파트,시내,일반,경기도 수원시 우만1동,1,1,1,,,,,127.0335333,37.28755753
202000032,효성초등학교,"시내,마을",일반,경기도 수원시 우만2동,1,1,1,,,,,127.0395902,37.28206662
201000339,㈜미경테크.㈜대성후드텍,"시내,마을",일반,경기도 수원시 평동,,,,,,,,126.981046,37.24204731
200000288,천천래미안,시내,일반,경기도 수원시 율천동,,1,,,1,,,126.9780791,37.29714603
200000289,천천래미안,시내,일반,경기도 수원시 율천동,,1,,,1,,,126.9782743,37.2972286
201000356,미영아파트,시내,일반,경기도 수원시 세류2동,1,1,1,,,,,127.0135969,37.24735566
203000045,광교역사공원.광교카페거리,"시내,마을",일반,경기도 수원시 광교1동,1,1,,1,,,,127.0544404,37.29526629
203000043,경기도경제과학진흥원,"시내,마을,시외",일반,경기도 수원시 광교1동,1,1,,1,,,,127.045502,37.29081973
203000041,차세대융합기술연구원.푸르지오월드마크,"시내,마을",일반,경기도 수원시 광교1동,,1,,1,,,,127.0478806,37.29342866
200000142,경기남부보훈지청.경기도교육청,시내,일반,경기도 수원시 영화동,1,1,1,,,,,127.0220384,37.29457722
200000141,보훈교육원.반딧불이연무시장,시내,일반,경기도 수원시 연무동,,,,,,,,127.025788,37.2964386
200000140,보훈원복지타운.보훈요양원,시내,일반,경기도 수원시 영화동,,,,,,,,127.0268055,37.2984605
200000137,송원중학교.수원서부교회,시내,일반,경기도 수원시 송죽동,1,1,1,,,,,127.0039146,37.2960927
203000236,디지털엠파이어2,시내,일반,경기도 수원시 태장동,1,1,1,,,,,127.0490741,37.24686078
203000237,디지털엠파이어2.송원산업,시내,일반,경기도 수원시 매탄3동,1,1,,,1,,,127.049497,37.24855755
203000238,삼성전자소재연구단지,시내,일반,경기도 수원시 매탄3동,1,1,,,1,,,127.0521097,37.25181516
203000239,삼성전자소재연구단지,시내,일반,경기도 수원시 매탄3동,1,1,,,1,,,127.0518947,37.25196733
203000240,디지털엠파이어2.송원산업,시내,일반,경기도 수원시 매탄3동,1,1,,,1,,,127.0491364,37.24857401
203000039,수원가정법원.동수원등기소,시내,일반,경기도 수원시 영통1동,1,1,,,1,,,127.0734531,37.25704713
200000186,수원KT위즈파크,시내,일반,경기도 수원시 조원1동,1,1,,,2,,,127.008732,37.30051772
200000185,수원KT위즈파크.행정동우회관,시내,일반,경기도 수원시 송죽동,1,1,,,1,,,127.0076593,37.29984085
200000184,"수원종합운동장,로얄팰리스,아너스빌위즈",시내,일반,경기도 수원시 송죽동,1,1,1,,,,,127.0087164,37.29605867
200000183,장안공원,시내,일반,경기도 수원시 영화동,,1,1,,,,,127.0127396,37.28859857
203000030,삼성아파트,시내,일반,경기도 수원시 매탄4동,1,1,1,,,,,127.0504963,37.26513213
203000022,삼성전자후문,시내,일반,경기도 수원시 매탄3동,1,1,,,1,,,127.0498438,37.26231378
203000021,삼성아파트,시내,일반,경기도 수원시 매탄3동,1,1,1,,,,,127.0509474,37.26522204
203000019,e편한세상,시내,일반,경기도 수원시 매탄2동,1,1,,,1,,,127.0527999,37.27060944
203000018,영통역7번출구.영덕고등학교,시내,일반,경기도 수원시 영통2동,1,1,1,,,,,127.0697366,37.25252303
203000016,잠원초등학교,"시내,마을",일반,경기도 수원시 태장동,1,1,1,,,,,127.0530828,37.23912711
203000196,효원초등학교,시내,일반,경기도 수원시 매탄3동,1,1,1,,,,,127.0409247,37.25962613
203000008,잠원초등학교,"시내,마을",일반,경기도 수원시 태장동,1,1,1,,,,,127.0536699,37.23932018
203000007,잠원중학교,"시내,마을",일반,경기도 수원시 태장동,1,1,1,,,,,127.0479407,37.2385774
203000005,황곡초등학교.주공아파트,시내,일반,경기도 수원시 영통1동,1,1,,,1,,,127.0776308,37.26386535
203000004,청명대우아파트,시내,일반,경기도 수원시 영통1동,1,1,1,,,,,127.075418,37.26064105
203000003,영통도서관.영덕중학교.은혜와진리교회,시내,일반,경기도 수원시 영통1동,1,1,,,1,,,127.0714591,37.25835483
201000202,비행장입구.세류역,시내,일반,경기도 수원시 세류2동,1,1,1,,,,,127.0144093,37.2444525
201000198,이마트,시내,일반,경기도 수원시 권선2동,1,1,1,,,,,127.0229052,37.24907486
201000195,세류2동주민센터,시내,일반,경기도 수원시 세류2동,1,1,1,,,,,127.0124511,37.25355684
201000193,남수원초등학교,시내,일반,경기도 수원시 세류2동,1,1,1,,,,,127.0166169,37.25076755
201000192,수원버스터미널,"시내,공항",일반,경기도 수원시 권선2동,1,1,1,,,,,127.0216746,37.24894553
201000191,수원순복음교회,시내,일반,경기도 수원시 곡선동,1,1,1,,,,,127.0361514,37.24561665
203000085,산남중학교,시내,일반,경기도 수원시 매탄2동,1,1,,1,,,,127.0520402,37.26865445
203000083,금성아파트.한국1차아파트,시내,일반,경기도 수원시 매탄2동,1,1,,,1,,,127.0569019,37.26804866
203000082,원천주공1단지,시내,일반,경기도 수원시 매탄4동,1,1,,,1,,,127.0568542,37.26671444
201000165,오목천역.영신여자고교,"시내,마을",일반,경기도 수원시 평동,1,1,1,,,,,126.9630259,37.24204599
201000161,권선현대아파트,시내,일반,경기도 수원시 곡선동,1,1,1,,,,,127.0368702,37.2489724
201000157,서부경찰서.권선구청입구,"시내,마을",일반,경기도 수원시 서둔동,1,1,1,,,,,126.9733881,37.25859672
201000156,수원시청.수원일자리센터,시내,일반,경기도 수원시 권선1동,1,1,,,1,,,127.0285894,37.26229276
201000153,오목초등학교,"시내,마을",일반,경기도 수원시 평동,1,1,1,,,,,126.9638927,37.24011303
201000146,칠보입구,시내,일반,경기도 수원시 금곡동,1,1,,,1,,,126.9590046,37.27296977
201000144,축산물유통센터입구,시내,일반,경기도 수원시 곡선동,1,1,,,1,,,127.0286852,37.2406862
201000142,서호중학교,시내,일반,경기도 수원시 서둔동,,1,,,1,,,126.9886897,37.2665697
201000140,경기상상캠퍼스.푸른지대,시내,일반,경기도 수원시 서둔동,,,,,,,,126.9813536,37.26614096
201000136,우방아파트,"시내,마을",일반,경기도 수원시 서둔동,1,1,1,,,,,126.9747248,37.2686803
201000135,탑골1길,시내,일반,경기도 수원시 서둔동,1,1,,,1,,,126.9776221,37.26922154
201000133,경기상상캠퍼스.푸른지대,시내,일반,경기도 수원시 서둔동,,1,,,1,,,126.9812165,37.26596655
201000131,서호중학교,시내,일반,경기도 수원시 서둔동,,1,,,1,,,126.9888478,37.26643075
201000126,도로교통관리사업소,"시내,마을",일반,경기도 수원시 평동,1,1,1,,,,,126.976283,37.25060971
201000125,권선구청.한봄고등학교,"시내,마을",일반,경기도 수원시 서둔동,1,1,1,,,,,126.9738658,37.2571992
201000122,고색동태산아파트.도로교통관리사업소,"시내,마을",일반,경기도 수원시 평동,1,1,1,,,,,126.9758924,37.25061587
201000119,㈜심스바이오닉스.DH테크타워,"시내,마을",일반,경기도 수원시 평동,,,,,,,,126.9841963,37.24293956
203000038,수원가정법원.동수원등기소,시내,일반,경기도 수원시 영통1동,1,1,1,,,,,127.0748954,37.25644255
201000106,구운동하이마트,시내,일반,경기도 수원시 구운동,1,1,1,,,,,126.9692342,37.27527601
201000105,서수원터미널.이마트,시내,일반,경기도 수원시 구운동,1,1,1,,,,,126.9694622,37.28278118
201000101,칠보입구,시내,일반,경기도 수원시 금곡동,1,1,,,1,,,126.9600272,37.27264128
201000094,칠보초등학교,시내,일반,경기도 수원시 금곡동,,1,1,,,,,126.9561396,37.26880295
201000093,삼익아파트,시내,일반,경기도 수원시 금곡동,,1,1,,,,,126.9580377,37.26982156
201000092,세권사거리,시내,일반,경기도 수원시 권선1동,,1,,,1,,,127.0210023,37.2565628
201000091,신곡사거리,시내,일반,경기도 수원시 권선1동,,1,,,1,,,127.0182632,37.25724801
201000090,수원농협권선지점,시내,일반,경기도 수원시 권선1동,,1,,,,1,,127.0175194,37.25816717
201000089,세류현대아파트,시내,일반,경기도 수원시 권선1동,,1,,1,,,,127.0187036,37.26044662
201000178,경기도건설본부.경기도동물위생시험소.칠보마을7단지,시내,일반,경기도 수원시 금곡동,1,1,,1,,,,126.9405655,37.26754737
201000087,정조사거리,시내,일반,경기도 수원시 세류3동,1,1,,,1,,,127.012706,37.26304211
201000083,정조사거리,시내,일반,경기도 수원시 세류3동,,1,,,1,,,127.0128306,37.26270811
201000082,삼익아파트,시내,일반,경기도 수원시 세류3동,1,1,1,,,,,127.0170275,37.26173352
201000078,입북동입구,"시내,마을",일반,경기도 수원시 입북동,1,1,1,,,,,126.9609189,37.29198538
201000075,전원아파트.한라녹턴아파트,시내,일반,경기도 수원시 세류2동,,1,,1,,,,127.0156007,37.2544881
201000057,곡선새마을금고.권선자이e편한세상,시내,일반,경기도 수원시 권선1동,1,1,,,1,,,127.0260644,37.25514616
201000054,권선아파트,시내,일반,경기도 수원시 권선1동,1,1,,1,,,,127.0265732,37.25520919
201000050,세류사거리,시내,일반,경기도 수원시 세류2동,1,1,1,,,,,127.0103201,37.25469051
201000047,세류중학교.아세아시멘트,시내,일반,경기도 수원시 세류1동,1,1,1,,,,,127.0054013,37.25853316
201000190,세류사거리,시내,일반,경기도 수원시 세류2동,,1,,,1,,,127.0113413,37.25216694
201000188,구운동삼환아파트,"시내,마을",일반,경기도 수원시 구운동,1,1,,,1,,,126.9781767,37.28265336
201000186,구운동성원아파트.일월먹거리촌,"시내,마을",일반,경기도 수원시 구운동,1,1,,,1,,,126.9747539,37.28209669
201000175,호매실GS아파트,시내,일반,경기도 수원시 금곡동,1,1,1,,,,,126.9591049,37.26889832
201000166,오목천역.영신여자고교.청구아파트,"시내,마을",일반,경기도 수원시 평동,1,1,1,,,,,126.9628398,37.24202985
201000033,더함파크,"시내,마을",일반,경기도 수원시 서둔동,1,1,,1,,,,126.9842711,37.27339257
201000032,더함파크,"시내,마을",일반,경기도 수원시 서둔동,1,1,1,,,,,126.9844315,37.27366936
201000030,구운오거리.경기중소기업성장지원센터,"시내,마을",일반,경기도 수원시 구운동,1,1,,,1,,,126.9740892,37.28140041
201000029,서수원버스터미널,시내,일반,경기도 수원시 구운동,1,1,1,,,,,126.9707955,37.28331212
201000028,구운사거리.농수산물유통센터,시내,일반,경기도 수원시 구운동,1,1,1,,,,,126.9685045,37.28559316
201000025,오목천동태산아파트.서희스타힐스,"시내,마을",일반,경기도 수원시 평동,,1,1,,,,,126.9642342,37.24600022
201000024,수원여자대학교입구,"시내,마을",일반,경기도 수원시 평동,1,1,1,,,,,126.9668655,37.2467921
201000023,고색역.고색초교.태산아파트,"시내,마을,시외",일반,경기도 수원시 평동,1,1,1,,,,,126.9799297,37.25043052
201000022,신병원.대원.거산아파트,"시내,마을",일반,경기도 수원시 평동,1,1,1,,,,,126.984994,37.25186522
201000019,신병원.대원.거산아파트,"시내,마을",일반,경기도 수원시 평동,,1,1,,,,,126.9838196,37.25183995
200000170,연무시장입구.연무동문화센터,시내,일반,경기도 수원시 연무동,,1,,,1,,,127.0260838,37.29344542
200000163,삼성아파트,시내,일반,경기도 수원시 율천동,1,1,,1,,,,126.9701602,37.29256555
200000160,성균관대역,시내,일반,경기도 수원시 율천동,1,1,1,,,,,126.9713419,37.2985577
200000147,장안고등학교,"시내,마을",일반,경기도 수원시 정자2동,1,1,,,1,,,126.9948277,37.29236355
200000145,북수원시장.광교산입구,시내,일반,경기도 수원시 파장동,1,1,,,1,,,126.9943398,37.30918503
201000346,권선동,시내,일반,경기도 수원시 곡선동,,,,,,,,127.019825,37.23620855
201000114,세류3동주민센터.버드내노인복지회관,시내,일반,경기도 수원시 세류3동,1,1,1,,,,,127.013146,37.26022204
201000113,매교역2번출구.성원아파트,시내,일반,경기도 수원시 세류3동,,1,,,1,,,127.015469,37.26476301
201000109,수원가구거리,시내,일반,경기도 수원시 권선1동,1,1,,,1,,,127.0275749,37.25912949
200000125,벽산블루밍아파트,시내,일반,경기도 수원시 정자1동,1,1,1,,,,,126.9951731,37.3055804
200000124,경남아너스빌.동신아파트,"시내,마을",일반,경기도 수원시 정자1동,1,1,1,,,,,126.9968351,37.30348779
200000122,수원미술전시관.만석공원,시내,일반,경기도 수원시 송죽동,1,1,1,,,,,126.999392,37.29656124
200000121,송원중학교.수원서부교회,시내,일반,경기도 수원시 송죽동,1,1,1,,,,,127.0033056,37.29593954
200000119,동남아파트.북수원시장,"시내,마을",일반,경기도 수원시 정자1동,,1,1,,,,,126.9917157,37.30574487
201000012,권선동,시내,일반,경기도 수원시 곡선동,1,1,,,1,,,127.0202195,37.23632562
201000011,공군관사,시내,일반,경기도 수원시 권선2동,1,1,,,1,,,127.0178173,37.24290448
201000010,권선중학교,시내,일반,경기도 수원시 권선2동,1,1,,,1,,,127.0183516,37.24901252
201000009,수원버스터미널,"시내,공항",일반,경기도 수원시 권선2동,1,1,1,,,,,127.0194909,37.25100107
201000007,세권사거리,시내,일반,경기도 수원시 권선2동,1,1,1,,,,,127.0219822,37.25581055
201000006,권선사거리.SK뷰아파트,시내,일반,경기도 수원시 권선1동,1,1,1,,,,,127.0236702,37.25902893
201000005,KT남수원지사,시내,일반,경기도 수원시 권선1동,1,1,1,,,,,127.0251345,37.26242609
201000004,KT남수원지사,시내,일반,경기도 수원시 권선1동,1,1,1,,,,,127.0241517,37.26115828
201000003,권선사거리.SK뷰아파트,시내,일반,경기도 수원시 권선1동,1,1,,,1,,,127.0231476,37.2591432
201000002,세권사거리,시내,일반,경기도 수원시 권선1동,1,1,,,1,,,127.0220781,37.25701997
200000114,두견마을,"시내,마을",일반,경기도 수원시 정자2동,1,1,,,1,,,126.9983464,37.28924083
200000113,경기도립수원의료원.두견마을,시내,일반,경기도 수원시 정자2동,1,1,1,,,,,126.9965383,37.29016953
200000112,장안고등학교,시내,일반,경기도 수원시 정자2동,1,1,1,,,,,126.9949955,37.29274406
200000111,정자3동주민센터.정자동중심상가,시내,일반,경기도 수원시 정자3동,1,1,,,1,,,126.9934115,37.29540115
201000046,새터마을,시내,일반,경기도 수원시 세류2동,1,1,1,,,,,127.0085253,37.25512474
201000044,신곡동,시내,일반,경기도 수원시 세류2동,1,1,1,,,,,127.012492,37.2492085
201000043,수원버스터미널,시내,일반,경기도 수원시 세류2동,1,1,1,,,,,127.0190299,37.25123244
201000036,구운사거리.농수산물유통센터,시내,일반,경기도 수원시 구운동,1,1,,,1,,,126.9685959,37.28487933
201000035,구운오거리.경기중소기업성장지원센터,"시내,마을",일반,경기도 수원시 구운동,1,1,1,,,,,126.9742361,37.28093129
200000099,우방아파트.한화아파트.SK아파트,시내,일반,경기도 수원시 정자3동,1,1,1,,,,,126.9845837,37.29569506
200000098,동남보건대학,시내,일반,경기도 수원시 정자3동,1,1,,,1,,,126.9874808,37.29659578
200000097,대평중학교,"시내,마을",일반,경기도 수원시 정자3동,1,1,,,1,,,126.9904918,37.29798061
200000096,정자3동주민센터.정자동중심상가,시내,일반,경기도 수원시 정자3동,1,1,,,1,,,126.9932534,37.2949367
200000095,정자종합시장,시내,일반,경기도 수원시 영화동,1,1,1,,,,,127.0010387,37.28976749
200000090,풍림아파트,시내,일반,경기도 수원시 정자1동,1,1,1,,,,,126.9920636,37.29886868
200000089,삼환나우빌아파트,시내,일반,경기도 수원시 정자3동,1,1,,,1,,,126.9902796,37.29311879
200000088,화서역.화서주공3단지,"시내,마을",일반,경기도 수원시 정자2동,1,1,1,,,,,126.9914519,37.28672389
200000081,수원KT위즈파크.수원종합운동장,시내,일반,경기도 수원시 조원1동,1,1,,,1,,,127.0103632,37.30109852
200000080,한일타운.경기일보.홈플러스,"시내,시외,공항",일반,경기도 수원시 조원2동,1,1,,,3,,,127.0066358,37.3034669
200000073,경기도인재개발원.경기연구원.경기도평생교육진흥원.경기도가족여성연구원,"시내,시외",일반,경기도 수원시 파장동,1,1,,,1,,,126.9890727,37.31248317
202000001,수원시평생학습관.창룡도서관.연무사회복지관,"시내,마을",일반,경기도 수원시 연무동,1,1,,,1,,,127.0271313,37.29142369
200000071,신명아파트,시내,일반,경기도 수원시 정자3동,1,1,,,1,,,126.980489,37.30230913
200000065,상공회의소.수성고교,시내,일반,경기도 수원시 영화동,1,1,,,1,,,127.0056399,37.2915875
200000064,상공회의소,시내,일반,경기도 수원시 영화동,1,1,,,1,,,127.0049632,37.29108295
200000063,수성중사거리,시내,일반,경기도 수원시 정자2동,1,1,1,,,,,127.0097789,37.29272259
200000059,조원2동주민센터,시내,일반,경기도 수원시 조원2동,1,1,1,,,,,127.0121183,37.30465059
200000056,조원시장입구,시내,일반,경기도 수원시 조원1동,,1,,,1,,,127.0175138,37.29951247
200000051,조원시장입구,시내,일반,경기도 수원시 조원1동,,1,,,1,,,127.0179856,37.29926114
200000135,만석공원.정자초교.벽산아파트,시내,일반,경기도 수원시 정자3동,1,1,1,,,,,126.9967305,37.29951846
200000133,경남아너스빌,"시내,마을",일반,경기도 수원시 송죽동,1,1,,,1,,,126.9975441,37.30242752
200000131,북수원시장입구,"시내,마을",일반,경기도 수원시 파장동,,1,1,,,,,126.992082,37.30654819
200000126,북수원시장입구,"시내,마을",일반,경기도 수원시 정자1동,1,1,1,,,,,126.9915945,37.30669835
200000006,광교공원.경기대수원캠퍼스입구.연무시장,시내,일반,경기도 수원시 연무동,,1,,,1,,,127.0294636,37.30001394
200000110,대평중학교,"시내,마을",일반,경기도 수원시 정자3동,1,1,1,,,,,126.9901225,37.29816563
200000109,동남보건대학,시내,일반,경기도 수원시 정자3동,1,1,1,,,,,126.9872903,37.29679468
200000107,장안등기소.성우아파트,시내,일반,경기도 수원시 정자3동,1,1,1,,,,,126.9836813,37.2964518
200000106,천천초교.천천고교,"시내,마을",일반,경기도 수원시 정자3동,1,1,1,,,,,126.9824653,37.2990374
200000104,성균관대역.고용노동부경기지청.율전성당,시내,일반,경기도 수원시 율천동,1,1,1,,,,,126.9732413,37.30176552
200000100,장안등기소.성우아파트,"시내,마을",일반,경기도 수원시 정자3동,1,1,1,,,,,126.9833655,37.29643373
201000360,홈플러스서수원점,시내,일반,경기도 수원시 금곡동,1,1,,1,,,,126.9554763,37.27492813
200000201,영화공원,시내,일반,경기도 수원시 영화동,1,1,,,1,,,127.0191515,37.29604636
202000077,권선초교,시내,일반,경기도 수원시 권선1동,,1,,1,,,,127.0227291,37.2641312
203000187,삼성DigitalCity동문,시내,일반,경기도 수원시 매탄4동,1,1,,,1,,,127.0598571,37.26214072
203000186,이노플랙스,시내,일반,경기도 수원시 매탄4동,1,1,,,1,,,127.0601999,37.2622237
203000184,삼성DigitalCity홍보관,시내,일반,경기도 수원시 매탄3동,1,1,,,1,,,127.057438,37.25855457
201000264,센트라우스.서수원검사소,"시내,마을",일반,경기도 수원시 서둔동,1,1,1,,,,,126.9949034,37.26945473
201000336,공구유통타운.중앙자동차매매단지,"시내,마을",일반,경기도 수원시 평동,,1,1,,,,,126.9970935,37.25786531
200000246,조원고등학교,"시내,마을",일반,경기도 수원시 조원2동,1,1,1,,,,,127.014735,37.30619407
201000364,고색체육공원,"시내,마을",일반,경기도 수원시 평동,,1,,,1,,,126.9768482,37.24475555
201000347,오목천공원,"시내,마을",일반,경기도 수원시 평동,1,1,,,1,,,126.974081,37.24297995
203000160,삼성2차아파트,시내,일반,경기도 수원시 매탄1동,1,1,1,,,,,127.0424606,37.2694241
203000127,영통구청,시내,일반,경기도 수원시 매탄3동,1,1,1,,,,,127.0442471,37.25862907
200000286,정천초등학교.천천푸르지오,시내,일반,경기도 수원시 율천동,1,1,1,,,,,126.9830511,37.29154819
203000179,아주대삼거리,시내,일반,경기도 수원시 매탄1동,1,1,,,1,,,127.0447182,37.27429789
203000177,KT동수원지사,시내,일반,경기도 수원시 매탄2동,1,1,1,,,,,127.0514317,37.27323031
203000176,남부경찰서.성일아파트,시내,일반,경기도 수원시 매탄2동,1,1,1,,,,,127.0555515,37.27208745
203000174,원천레이크파크아파트,시내,일반,경기도 수원시 원천동,1,1,1,,,,,127.0624837,37.2694245
203000171,아주대병원,"시내,마을,시외",일반,경기도 수원시 원천동,1,1,1,,,,,127.0469003,37.27835223
203000167,경기남부경찰청.봉녕사입구,"시내,마을",일반,경기도 수원시 우만1동,1,1,,,1,,,127.0349728,37.29367307
203000165,경기대수원캠퍼스후문.수원박물관,"시내,마을",일반,경기도 수원시 광교1동,1,1,,,1,,,127.0397929,37.29710546
203000163,임광아파트,시내,일반,경기도 수원시 매탄3동,1,1,1,,,,,127.0376975,37.25844204
203000159,매탄주공4단지.매탄1동주민센터,시내,일반,경기도 수원시 매탄1동,1,1,1,,,,,127.041795,37.26882064
202000073,아주대입구.우리은행,시내,일반,경기도 수원시 우만2동,1,1,1,,,,,127.0423849,37.27539798
203000156,살구골현대아파트.영통역4번출구,"시내,마을",일반,경기도 수원시 영통2동,1,1,,,1,,,127.0705274,37.25030912
201000257,서호초등학교,"시내,마을",일반,경기도 수원시 서둔동,1,1,1,,,,,126.9917314,37.26864057
201000249,호매실GS아파트,시내,일반,경기도 수원시 금곡동,1,1,1,,,,,126.9581073,37.26861029
201000237,한솔아파트.한림도서관,시내,일반,경기도 수원시 곡선동,,,,,,,,127.0262077,37.23652288
201000236,곡반중학교.수원아이파크,시내,일반,경기도 수원시 곡선동,1,1,,,1,,,127.0318072,37.24508374
201000224,세곡사거리,"시내,마을",일반,경기도 수원시 세류1동,1,1,,,1,,,127.0103848,37.26717506
200000175,용머리다리,시내,일반,경기도 수원시 연무동,,,,,,,,127.0155057,37.32376644
200000171,광교산종점,시내,일반,경기도 수원시 연무동,,,,,,,,127.0172372,37.33426984
200000164,이목동차고지,시내,일반,경기도 수원시 파장동,,,,,,,,126.9894035,37.32156852
203000147,동수원LG빌리지3단지.삼정라츠.늘푸른벽산,"시내,마을",일반,경기도 수원시 태장동,1,1,,1,,,,127.0593033,37.23720197
203000205,영일중학교.수원출입국외국인청,"시내,마을",일반,경기도 수원시 영통1동,1,1,,1,,,,127.0753028,37.2488199
201000077,대명고등학교,"시내,시외",일반,경기도 수원시 입북동,1,1,1,,,,,126.9432293,37.29368584
200000047,조원뉴타운,시내,일반,경기도 수원시 조원1동,1,1,1,,,,,127.018224,37.30452302
201000219,한봄고등학교,"시내,마을",일반,경기도 수원시 서둔동,1,1,1,,,,,126.9698247,37.25877671
201000216,한봄고등학교,"시내,마을",일반,경기도 수원시 서둔동,,,,,,,,126.9697683,37.25884878
201000210,평생교육학습관.남수원중학교,시내,일반,경기도 수원시 곡선동,1,1,1,,,,,127.0348765,37.25181124
202000072,수원시청사거리,시내,일반,경기도 수원시 인계동,1,1,1,,,,,127.0259972,37.26463101
202000070,KBS수원센터.KB손해보험,시내,일반,경기도 수원시 인계동,1,1,1,,,,,127.0291359,37.27268714
202000069,수원고용복지플러스센터.동수원사거리.삼성생명,시내,일반,경기도 수원시 인계동,1,1,1,,,,,127.0303206,37.27581601
202000067,창룡문,"시내,마을",일반,경기도 수원시 우만1동,1,1,,,1,,,127.0271215,37.28666562
202000064,수원고용복지플러스센터.동수원사거리.삼성생명,시내,일반,경기도 수원시 인계동,1,1,1,,,,,127.0298722,37.27572954
202000061,창현고교.아주대학교.유신고교,"시내,마을,시외",일반,경기도 수원시 우만2동,1,1,,,1,,,127.0421848,37.28055563
202000059,매향동,"시내,마을",일반,경기도 수원시 행궁동,1,1,,1,,,,127.0217658,37.28419911
200000199,천천푸르지오,"시내,마을",일반,경기도 수원시 율천동,1,1,,,1,,,126.9831099,37.29049911
200000203,세한교회,시내,일반,경기도 수원시 구운동,1,1,,,1,,,126.9804338,37.28450024
202000057,팔달구청.수원화성박물관,"시내,마을",일반,경기도 수원시 행궁동,,1,,,,1,,127.0188663,37.28177407
200000197,우만주공4단지,"시내,마을,시외",일반,경기도 수원시 연무동,1,1,,,1,,,127.0304022,37.29247831
202000049,우만동선경아파트,시내,일반,경기도 수원시 우만2동,1,1,1,,,,,127.0396532,37.27596145
202000047,팔달문,"시내,마을",일반,경기도 수원시 행궁동,1,1,,,1,,,127.0162585,37.27738072
203000151,방죽공원.영통힐스테이트.쌍용아파트,시내,일반,경기도 수원시 태장동,1,1,,,1,,,127.051993,37.24540123
203000148,망포중학교,"시내,마을",일반,경기도 수원시 태장동,1,1,1,,,,,127.0566292,37.2382973
203000145,센트럴하이츠아파트,시내,일반,경기도 수원시 영통2동,,,,,,,,127.0605374,37.2441224
203000142,벽적골주공아파트,"시내,마을",일반,경기도 수원시 영통2동,1,1,1,,,,,127.062513,37.24979092
203000141,우성아파트,"시내,마을",일반,경기도 수원시 영통2동,1,1,1,,,,,127.0609685,37.24714272
203000140,망포역7번출구.벽적골8단지,시내,,경기도 수원시 영통2동,1,1,1,,,,,127.0584547,37.24608306
203000138,벽적골태영아파트,"시내,마을",일반,경기도 수원시 영통2동,1,1,1,,,,,127.0626868,37.2495803
203000137,신나무실아파트,시내,일반,경기도 수원시 영통2동,1,1,,,1,,,127.0660836,37.2524677
203000162,매탄위브하늘채.경기아트센터,시내,일반,경기도 수원시 매탄3동,1,1,1,,,,,127.0389615,37.26138803
203000161,자유총연맹,시내,일반,경기도 수원시 매탄3동,1,1,1,,,,,127.0400902,37.2640277
200000148,지지대교차로,시내,일반,경기도 수원시 파장동,1,1,1,,,,,126.9880308,37.31818518
203000124,망포역1번출구.디지털엠파이어1,시내,,경기도 수원시 영통2동,1,1,,,1,,,127.0596424,37.2457675
203000122,청명역3번출구,시내,일반,경기도 수원시 영통1동,1,1,,,1,,,127.0786351,37.25880227
203000121,청명역1번출구.청명산,시내,일반,경기도 수원시 영통1동,1,1,,,1,,,127.080218,37.26048134
203000120,황골벽산아파트,시내,일반,경기도 수원시 영통1동,1,1,2,,,,,127.0824245,37.26624992
203000119,삼성전자입구,시내,일반,경기도 수원시 원천동,1,1,,,1,,,127.066595,37.26899009
203000115,동수원중학교.성일아파트.한국1차아파트,시내,일반,경기도 수원시 매탄2동,1,1,1,,,,,127.0562099,37.27014738
203000114,극동아파트,시내,일반,경기도 수원시 매탄2동,1,1,,,1,,,127.0523978,37.27022372
203000113,한국2차아파트.산남중학교,시내,일반,경기도 수원시 매탄2동,1,1,1,,,,,127.0497094,37.26866451
203000216,매원중학교,시내,일반,경기도 수원시 매탄4동,1,1,1,,,,,127.0455451,37.26581666
203000109,망포1동주민센터.삼정라츠.늘푸른벽산,"시내,마을",일반,경기도 수원시 태장동,1,1,,,1,,,127.0595041,37.23740063
202000046,우만동선경아파트,시내,일반,경기도 수원시 우만2동,1,1,1,,,,,127.039888,37.27624435
201000206,태장면고개,시내,일반,경기도 수원시 세류3동,,1,,1,,,,127.0203056,37.2644839
202000045,KBS수원센터정문.한화생명,시내,일반,경기도 수원시 인계동,1,1,1,,,,,127.0284928,37.27211158
202000042,수원월드컵경기장.아름학교,"시내,마을",일반,경기도 수원시 우만1동,1,1,,1,,,,127.0404097,37.28678688
202000041,수원월드컵경기장.아름학교,"시내,마을",일반,경기도 수원시 우만1동,1,1,,1,,,,127.0408134,37.28773677
202000040,뉴코아아울렛.중소기업은행,시내,일반,경기도 수원시 인계동,1,1,,,1,,,127.0329778,37.26692213
202000035,수원시평생학습관.우만주공아파트,시내,일반,경기도 수원시 우만1동,1,1,,,1,,,127.0300859,37.29087414
202000033,수원월드컵경기장.동성중학교,시내,일반,경기도 수원시 우만1동,1,1,1,,,,,127.0351776,37.28539527
202000028,팔달문.수원백병원,"시내,마을",일반,경기도 수원시 행궁동,1,1,1,,,,,127.0165912,37.27880543
202000027,수원시청역1번출구.국민연금공단.경인일보,시내,일반,경기도 수원시 인계동,1,1,,,1,,,127.0332715,37.2611226
203000002,동수원우체국.인계래미안노블클래스,시내,일반,경기도 수원시 매탄1동,1,1,,,1,,,127.0333387,37.26709323
202000026,인계동행정복지센터.KBS수원센터.경기도노인회관,시내,일반,경기도 수원시 인계동,1,1,1,,,,,127.0285589,37.26824774
202000023,인계동행정복지센터.KBS수원센터,시내,일반,경기도 수원시 인계동,1,1,1,,,,,127.0283785,37.26799549
200000196,한국가스안전공사,시내,일반,경기도 수원시 파장동,1,1,,,1,,,126.9974187,37.30785117
200000195,수일여중.한빛현요양병원.경기도융합과학교육원,시내,일반,경기도 수원시 송죽동,1,1,,,1,,,127.0004706,37.30652068
200000194,경기일보.한일타운,시내,일반,경기도 수원시 조원2동,1,1,,,1,,,127.0049168,37.30405845
200000193,수원KT위즈파크.수원종합운동장,시내,일반,경기도 수원시 조원1동,1,1,,,1,,,127.0117398,37.29941608
200000192,영화초등학교.한국건강관리협회,시내,일반,경기도 수원시 조원1동,1,1,,,1,,,127.0151058,37.29614056
200000191,교육청사거리,시내,일반,경기도 수원시 영화동,1,1,,,1,,,127.0202445,37.29149712
200000190,화서문.장안공원,시내,일반,경기도 수원시 영화동,1,1,,,1,,,127.0090949,37.28617338
203000131,신나무실아파트,시내,일반,경기도 수원시 영통2동,1,1,1,,,,,127.0659329,37.25268942
203000130,벌터마을.래미안영통마크원2단지,시내,일반,경기도 수원시 태장동,1,1,,,1,,,127.0470702,37.24822105
200000182,보훈원복지타운.보훈요양원,시내,일반,경기도 수원시 연무동,,,,,,,,127.0271408,37.29861021
200000180,경기남부보훈지청.경기도교육청,시내,일반,경기도 수원시 영화동,1,1,1,,,,,127.0237303,37.29539685
202000019,뉴코아아울렛,시내,일반,경기도 수원시 인계동,1,1,,,1,,,127.0335522,37.26552537
202000017,우만신성아파트,시내,일반,경기도 수원시 우만2동,1,1,1,,,,,127.0370289,37.27709723
202000015,수원고용복지플러스센터.동수원병원.라마다호텔,"시내,공항",일반,경기도 수원시 우만2동,1,1,,,1,,,127.0339336,37.2776175
202000013,청소년문화센터,시내,일반,경기도 수원시 인계동,1,1,1,,,,,127.0367447,37.27459995
202000011,중소기업은행,시내,일반,경기도 수원시 인계동,1,1,,,1,,,127.0333947,37.26623723
202000009,수원시청역10번출구.국민연금공단.경인일보,시내,,경기도 수원시 인계동,1,1,,,1,,,127.0343621,37.26123622
202000008,동수원사거리,"시내,마을",일반,경기도 수원시 인계동,1,1,1,,,,,127.0293924,37.27835284
203000107,영덕중학교.은혜와진리교회,시내,일반,경기도 수원시 영통1동,1,1,,,1,,,127.0720342,37.25857073
203000106,청명대우아파트,시내,일반,경기도 수원시 영통1동,1,1,1,,,,,127.0760042,37.26066771
203000105,황곡초등학교.주공아파트,시내,일반,경기도 수원시 영통1동,1,1,1,,,,,127.0779239,37.26391022
203000102,매탄권선역.그린빌주공6단지,시내,일반,경기도 수원시 매탄3동,1,1,,,1,,,127.0407726,37.25297608
203000100,우남아파트,시내,일반,경기도 수원시 매탄3동,,1,,,1,,,127.0423419,37.25845855
203000099,그린빌주공5단지,시내,일반,경기도 수원시 매탄3동,,1,,1,,,,127.0405695,37.25593952
203000090,매탄주공4.5단지,시내,일반,경기도 수원시 매탄1동,1,1,,,1,,,127.0378477,37.26602871
202000006,경기문화재단.매탄주공4.5단지,시내,일반,경기도 수원시 매탄1동,1,1,,,1,,,127.0369796,37.26598392
203000088,매원중학교,시내,일반,경기도 수원시 매탄4동,1,1,1,,,,,127.0457731,37.26577372
203000087,매탄공원,시내,일반,경기도 수원시 매탄4동,,1,,1,,,,127.0470035,37.26844032
203000086,한국2차아파트,시내,일반,경기도 수원시 매탄2동,1,1,1,,,,,127.0502504,37.26830387
202000039,창현고교.아주대학교.유신고교,"시내,마을,시외",일반,경기도 수원시 우만2동,1,1,,,1,,,127.0421544,37.28085557
202000038,효성초등학교,"시내,마을",일반,경기도 수원시 우만2동,1,1,,,1,,,127.0396347,37.28233601
202000037,수원월드컵경기장.동성중학교,시내,일반,경기도 수원시 우만1동,1,1,,,1,,,127.0360684,37.28500483
203000079,삼성전자입구,시내,일반,경기도 수원시 원천동,1,1,1,,,,,127.0667216,37.26859755
203000071,광교호수공원입구.원천교사거리,"시내,마을",일반,경기도 수원시 원천동,1,1,,1,,,,127.0596402,37.27095478
203000070,남부경찰서.성일아파트,시내,일반,경기도 수원시 원천동,1,1,,1,,,,127.0554762,37.27254075
203000069,KT동수원지사,시내,일반,경기도 수원시 원천동,1,1,,,1,,,127.051131,37.27361428
203000066,아주대.아주대병원입구,시내,일반,경기도 수원시 원천동,1,1,1,,,,,127.0439446,37.27872671
202000004,아주대학교입구,시내,일반,경기도 수원시 원천동,,1,,,1,,,127.0439108,37.27587818
203000064,e편한세상아파트,시내,일반,경기도 수원시 영통2동,,1,,1,,,,127.0671989,37.2463915
203000057,매탄시장입구,시내,일반,경기도 수원시 매탄1동,,1,,,1,,,127.0454275,37.27258567
203000056,매탄2동주민센터,시내,일반,경기도 수원시 매탄1동,,1,,,1,,,127.0460701,37.27250434
203000055,원천삼성아파트,시내,일반,경기도 수원시 매탄4동,1,1,,,1,,,127.0608116,37.26489314
203000049,대광빌리지,시내,일반,경기도 수원시 원천동,1,1,,,1,,,127.0651322,37.25896162
203000048,무궁화전자,시내,일반,경기도 수원시 원천동,1,1,,,1,,,127.0637997,37.26179566
203000046,수원광교박물관.광교카페거리,"시내,마을,공항",일반,경기도 수원시 광교1동,1,1,,1,,,,127.0511976,37.29476795
201000194,세류2동주민센터,시내,일반,경기도 수원시 세류2동,1,1,1,,,,,127.012726,37.25289527
203000175,광교호수공원입구.원천교사거리,"시내,마을",일반,경기도 수원시 원천동,1,1,1,,,,,127.0590714,37.270789
201000233,한솔아파트.한림도서관,시내,일반,경기도 수원시 곡선동,,,,,,,,127.025129,37.23631245
201000211,우남아파트,시내,일반,경기도 수원시 곡선동,1,1,1,,,,,127.0331436,37.24775023
202000066,창룡문,"시내,마을",일반,경기도 수원시 우만1동,1,1,1,,,,,127.0270768,37.28604347
202000058,팔달구청.수원화성박물관,"시내,마을",일반,경기도 수원시 행궁동,1,1,,,1,,,127.0189639,37.28200647
203000001,경기남부경찰청.봉녕사입구,"시내,마을",일반,경기도 수원시 광교1동,1,1,1,,,,,127.0342295,37.29358334
203000153,래미안영통마크원2단지.영통아이파크캐슬1단지,시내,일반,경기도 수원시 태장동,1,1,1,,,,,127.045991,37.24542746
203000118,원일초교.성일아파트,시내,일반,경기도 수원시 원천동,1,1,1,,,,,127.0604548,37.26735552
201000289,태장면고개,"시내,마을",일반,경기도 수원시 세류3동,,1,,1,,,,127.0198427,37.26476447
202000087,남수동,"시내,마을",일반,경기도 수원시 행궁동,1,1,1,,,,,127.0226515,37.28498553
202000085,인계래미안노블클래스,시내,일반,경기도 수원시 인계동,1,1,1,,,,,127.0345175,37.26891882
202000086,인계래미안노블클래스,시내,일반,경기도 수원시 인계동,1,1,1,,,,,127.0347552,37.26880873
201000368,상고렴사거리.수원아이파크시티4단지,시내,일반,경기도 수원시 권선2동,1,1,1,,,,,127.0296303,37.24245158
201000369,서수원자이아파트,"시내,마을",일반,경기도 수원시 입북동,1,1,1,,,,,126.9588287,37.29644813
201000370,서수원자이아파트,"시내,마을",일반,경기도 수원시 입북동,1,1,1,,,,,126.9589379,37.29599386
201000263,센트라우스.서수원검사소,"시내,마을",일반,경기도 수원시 서둔동,1,1,1,,,,,126.9948038,37.26960179
203000136,영통역6번출구.영덕고등학교,시내,일반,경기도 수원시 영통2동,1,1,1,,,,,127.069869,37.25215292
202000020,수원시청역9번출구.국민연금공단,시내,,경기도 수원시 인계동,1,1,,,1,,,127.0325139,37.26287661
201000205,수원시청역3번출구.서울보증보험,시내,일반,경기도 수원시 권선1동,1,1,,,1,,,127.0311642,37.26041347
203000089,매탄초교,시내,일반,경기도 수원시 매탄3동,,1,,1,,,,127.0441663,37.26437593
203000081,원일초교,시내,일반,경기도 수원시 원천동,,1,1,,,,,127.0594081,37.26667027
203000067,아주대학교입구,시내,일반,경기도 수원시 원천동,,1,,,1,,,127.044118,37.27595264
203000040,경기도경제과학진흥원,"시내,마을,시외",일반,경기도 수원시 광교1동,1,1,,1,,,,127.0452679,37.2912455
203000027,영통구청.상지문고,시내,일반,경기도 수원시 매탄3동,1,1,,,1,,,127.0434185,37.26008534
201000196,남수원초등학교,시내,일반,경기도 수원시 세류2동,1,1,1,,,,,127.0168267,37.25116618
203000084,동수원중학교.성일아파트.한국1차아파트,시내,일반,경기도 수원시 매탄2동,1,1,1,,,,,127.0557522,37.27004445
201000147,삼익3차아파트,시내,일반,경기도 수원시 금곡동,1,1,1,,,,,126.9555275,37.27717415
201000120,경기도장애인복지지원센터누림,"시내,마을",일반,경기도 수원시 평동,,,,,,,,126.9712183,37.23898485
201000096,호매실쌍용아파트,시내,일반,경기도 수원시 금곡동,1,1,1,,,,,126.9513509,37.26782527
201000052,세류역,시내,일반,경기도 수원시 세류2동,1,1,1,,,,,127.0147048,37.24442836
201000180,LG빌리지3차.모아미래도아파트,시내,일반,경기도 수원시 금곡동,1,1,,1,,,,126.9380135,37.27387922
200000158,삼성아파트,시내,일반,경기도 수원시 율천동,1,1,,1,,,,126.9699452,37.29419636
200000138,로얄팰리스,시내,일반,경기도 수원시 송죽동,1,1,1,,,,,127.0076042,37.29569352
201000107,구운사거리,시내,일반,경기도 수원시 구운동,,1,,,1,,,126.9697043,37.28562914
201000008,한양아파트,시내,일반,경기도 수원시 권선2동,1,1,1,,,,,127.0205266,37.25302643
200000118,파장초등학교.SKC,"시내,마을",일반,경기도 수원시 정자1동,,1,,,1,,,126.9898138,37.30795648
201000045,세류사거리,시내,일반,경기도 수원시 세류2동,1,1,1,,,,,127.0099438,37.25439261
200000204,화서역.화서주공3단지,"시내,마을",일반,경기도 수원시 화서2동,1,1,1,,,,,126.9920601,37.28663549
200000070,체육고교.신안아파트,"시내,마을",일반,경기도 수원시 정자3동,1,1,1,,,,,126.9755925,37.30299178
200000136,만석공원.중부경찰서,시내,일반,경기도 수원시 송죽동,1,1,,,1,,,126.9988001,37.2974307
200000108,우방아파트.한화아파트.SK아파트,시내,일반,경기도 수원시 정자3동,1,1,1,,,,,126.9847304,37.29548785
201000378,칠보초등학교,시내,일반,경기도 수원시 금곡동,,1,1,,,,,126.955043,37.26883718
203000218,망포고등학교,"시내,마을",일반,경기도 수원시 태장동,1,1,1,,,,,127.045705,37.23462655
203000173,풍림아파트,시내,일반,경기도 수원시 영통2동,,,,,,,,127.0678403,37.24518375
202000074,임광아파트.야외음악당,시내,일반,경기도 수원시 매탄3동,1,1,1,,,,,127.0370174,37.25763589
201000241,당수동삼정아파트,시내,일반,경기도 수원시 입북동,,1,,,,1,,126.9439249,37.29152132
201000231,세류1동주민센터,시내,일반,경기도 수원시 세류1동,1,1,,,1,,,127.0074618,37.26257816
201000218,탑동우방아파트,시내,일반,경기도 수원시 서둔동,1,1,1,,,,,126.9716019,37.26874262
201000227,세류1동주민센터,"시내,마을",일반,경기도 수원시 세류1동,1,1,1,,,,,127.0075955,37.26250689
201000296,상고렴사거리.곡선동주민센터,시내,일반,경기도 수원시 권선2동,,,,,,,,127.0304157,37.24279974
202000052,녹산문고앞,"시내,마을",일반,경기도 수원시 행궁동,1,1,1,,,,,127.0180991,37.27511504
203000125,경희대학교,"시내,마을",일반,경기도 수원시 영통1동,1,1,,,1,,,127.0774914,37.247812
203000112,매탄공원,시내,일반,경기도 수원시 매탄4동,1,1,,,1,,,127.0468334,37.26865419
201000067,평동행정복지센터,시내,일반,경기도 수원시 평동,,1,,,1,,,126.9933124,37.25806706
201000016,오목천동태산아파트.서희스타힐스,"시내,마을",일반,경기도 수원시 평동,1,1,,,1,,,126.9628762,37.24582515
201000102,구운동,시내,일반,경기도 수원시 구운동,1,1,1,,,,,126.9691631,37.27875062
201000084,유천교.세류1동주민센터입구,시내,일반,경기도 수원시 세류3동,,1,,,1,,,127.0107545,37.26303646
202000034,수원시평생학습관.우만주공아파트,시내,일반,경기도 수원시 우만1동,1,1,,,1,,,127.0298492,37.29074949
201000058,동남아파트.세평지하도입구,"시내,마을",일반,경기도 수원시 평동,1,1,,,1,,,127.0004977,37.261439
201000040,비상활주로.곡반정동입구,시내,일반,경기도 수원시 곡선동,1,1,1,,,,,127.0214469,37.23301861
201000020,공구유통타운.중앙자동차매매단지,"시내,마을",일반,경기도 수원시 평동,1,1,1,,,,,126.9970998,37.25836862
200000084,수원시평생학습관.연무사회복지관.창룡도서관,"시내,마을",일반,경기도 수원시 연무동,,1,,,1,,,127.0269118,37.29158925
200000166,장안문,시내,일반,경기도 수원시 영화동,,1,1,,,,,127.0158572,37.29016308
200000155,만석공원.만석거삼거리,시내,일반,경기도 수원시 송죽동,1,1,1,,,,,126.9986474,37.3023999
201000001,한마음외과,시내,일반,경기도 수원시 세류3동,1,1,,,1,,,127.0208887,37.25477407
200000102,샘내현대아파트,시내,일반,경기도 수원시 정자3동,1,1,1,,,,,126.9800237,37.30251722
200000086,연무동종점,시내,일반,경기도 수원시 연무동,,,,,,,,127.0299157,37.29797547
200000082,영화초등학교.한국건강관리협회,시내,일반,경기도 수원시 조원1동,1,1,,,1,,,127.0151764,37.29652801
200000066,수성중사거리,시내,일반,경기도 수원시 정자2동,1,1,,,1,,,127.0097226,37.29294785
200000049,조원1동,시내,일반,경기도 수원시 조원1동,,1,,,1,,,127.0143029,37.30229112
200000011,하광교느티나무,시내,일반,경기도 수원시 연무동,,1,,,1,,,127.016692,37.31779217
200000002,하광교,시내,일반,경기도 수원시 연무동,,,,,,,,127.0192079,37.31595808
203000047,원천삼성아파트,시내,일반,경기도 수원시 매탄4동,1,1,1,,,,,127.0606089,37.26522663
203000006,황골주공아파트,시내,일반,경기도 수원시 영통1동,1,1,1,,,,,127.0813858,37.26479996
201000189,구운동강남아파트,"시내,마을",일반,경기도 수원시 구운동,1,1,,,1,,,126.9752614,37.28198868
203000075,청명역4번출구,시내,일반,경기도 수원시 영통1동,1,1,,,1,,,127.0774448,37.25827906
201000145,수원버스터미널,시내,일반,경기도 수원시 권선2동,,,,,,,,127.0204348,37.25123844
201000132,농업유전자원센터.경기도기숙사.수원유스호스텔,시내,일반,경기도 수원시 서둔동,,,,,,,,126.9837022,37.26448459
201000169,청구아파트,"시내,마을",일반,경기도 수원시 구운동,1,1,,,1,,,126.9766369,37.28480848
201000155,권선상록아파트,시내,일반,경기도 수원시 곡선동,1,1,1,,,,,127.0359798,37.24897266
203000117,원천주공1단지,시내,일반,경기도 수원시 매탄4동,1,1,1,,,,,127.0569575,37.26690432
203000050,지역난방공사.신나무실쌍용아파트,시내,일반,경기도 수원시 영통2동,1,1,,,1,,,127.0662202,37.25663693
200000058,조원동,시내,일반,경기도 수원시 조원1동,,1,,,1,,,127.0141788,37.30212895
200000007,광교산입구.경기대수원캠퍼스,시내,일반,경기도 수원시 연무동,1,1,,,1,,,127.0312875,37.30145427
201000441,자목마을입구.한양수자인파크원아파트,시내,일반,경기도 수원시 금곡동,1,1,,1,,,,126.9478447,37.26647056
203000394,광교마을40단지,시내,일반,경기도 수원시 광교1동,,,,,,,,127.0796816,37.29471529
201000581,수원여자대학교정문,"시내,마을",일반,경기도 수원시 평동,,,,,,,,126.9629031,37.25188813
201000591,수원역환승센터(5승강장),시내,일반,경기도 수원시 서둔동,1,1,1,,,,,126.9987123,37.26526099
201000588,수원역환승센터(2승강장),시내,일반,경기도 수원시 서둔동,1,1,1,,,,,126.9992795,37.26540386
203000293,국토지리정보원.중앙기독초등학교,"시내,마을",일반,경기도 수원시 원천동,1,1,,1,,,,127.0555525,37.27392808
201000397,세화새마을금고.버드내도서관,시내,일반,경기도 수원시 세류2동,1,1,1,,,,,127.0112671,37.2571953
203000307,광교차고지.연화장입구,시내,일반,경기도 수원시 광교1동,,,,,,,,127.0784584,37.2874088
201000445,서부공영차고지,"시내,마을",일반,경기도 수원시 금곡동,,,,,,,,126.962755,37.25547017
202000217,농천교회,시내,일반,경기도 수원시 고등동,1,1,1,,,,,127.0006554,37.27098997
203000357,호반베르디움,"시내,마을",일반,경기도 수원시 광교1동,1,1,,1,,,,127.0440012,37.30547952
203000257,영통주공9단지,시내,일반,경기도 수원시 영통2동,1,1,1,,,,,127.0651505,37.2466173
201000436,능실초등학교.힐스테이트호매실,"시내,마을",일반,경기도 수원시 금곡동,1,1,,1,,,,126.9572144,37.26036743
203000295,소화초등학교,시내,일반,경기도 수원시 원천동,1,1,,1,,,,127.0516447,37.27826869
203000390,광교센트럴타운62단지.힐스테이트레이크,"시내,마을",일반,경기도 수원시 광교1동,1,1,,1,,,,127.0632277,37.28878467
203000265,광교한양수자인.호반가든하임,"시내,마을",일반,경기도 수원시 광교1동,1,1,,1,,,,127.0488576,37.30544362
203000317,광교대광로제비앙,"시내,마을",일반,경기도 수원시 광교1동,1,1,,1,,,,127.0407114,37.30678742
201000538,당수동,"시내,마을",환승,경기도 수원시 입북동,,,,,,,,126.9446948,37.2938803
201000474,수원센트럴타운3단지,시내,일반,경기도 수원시 세류1동,,,,,,,,127.0037705,37.26119259
201000417,칠보마을7단지,시내,일반,경기도 수원시 금곡동,1,1,,1,,,,126.9430947,37.2693822
203000223,동수원쌍용2차아파트,시내,일반,경기도 수원시 태장동,,,,,,,,127.0526827,37.23462346
201000582,세곡사거리,시내,일반,경기도 수원시 세류1동,,,,,,,,127.0108046,37.26721554
203000379,삼성DigitalCity정문,시내,일반,경기도 수원시 매탄3동,1,1,,,1,,,127.0543277,37.25454218
203000278,원천호수사거리.광교센트럴타운62단지,시내,일반,경기도 수원시 광교1동,1,1,,1,,,,127.064337,37.28793497
202000214,세무서.도청입구.신용회복위원회,"시내,마을",일반,경기도 수원시 매산동,1,1,1,,,,,127.0070258,37.26894987
200000305,삼성1차아파트,시내,일반,경기도 수원시 율천동,1,1,,,1,,,126.9698597,37.29309988
202000215,향교.팔달보건소.중앙침례교회,시내,일반,경기도 수원시 매교동,1,1,1,,,,,127.0117383,37.27071922
200000151,이목동.장안힐스테이트,"시내,마을",일반,경기도 수원시 파장동,1,1,,,1,,,126.9854597,37.31347227
203000315,"광교파크자이더테라스,열림공원","시내,마을",일반,경기도 수원시 광교1동,,,,,,,,127.0392312,37.30817572
203000344,광교중학교.광교e편한세상2차,"시내,마을",일반,경기도 수원시 광교1동,1,1,,1,,,,127.0464941,37.30530987
203000285,광교휴먼시아32단지정문,시내,일반,경기도 수원시 광교1동,1,1,,1,,,,127.0677502,37.29281379
203000275,광교센트럴타운60단지.힐스테이트레이크,"시내,마을",일반,경기도 수원시 광교1동,1,1,,1,,,,127.0607303,37.28910422
202000094,숙지중고교.서호공원,"시내,마을",일반,경기도 수원시 화서2동,1,1,1,,,,,126.99181,37.28185445
201000485,오목천동서희스타힐스,"시내,마을",일반,경기도 수원시 평동,,,,,,,,126.965376,37.24751963
203000341,"광교호반베르디움트라엘,광교해모로아파트","시내,마을",일반,경기도 수원시 광교1동,1,1,,1,,,,127.0517087,37.30467136
203000280,수원고등법원.수원고등검찰청.광교호수공원,"시내,마을",일반,경기도 수원시 광교1동,1,1,,1,,,,127.0700762,37.28987705
203000359,수원시동부차고지,시내,일반,경기도 수원시 광교1동,,,,,,,,127.0785259,37.28688019
202000221,수원여자고교,시내,일반,경기도 수원시 고등동,1,1,1,,,,,127.0031446,37.27609917
203000431,광교이마트,"시내,마을",일반,경기도 수원시 광교1동,,,,,,,,127.0493014,37.29771528
200000152,이목동.장안STX칸,"시내,마을",일반,경기도 수원시 파장동,1,1,,,1,,,126.9838514,37.3154544
201000446,서부공영차고지,"시내,마을",일반,경기도 수원시 금곡동,,,,,,,,126.9629544,37.25531205
203000254,광교차고지,시내,일반,경기도 수원시 광교1동,,,,,,,,127.0789672,37.28775167
203000263,광교초등학교.광교홍재도서관,"시내,마을",일반,경기도 수원시 광교1동,1,1,,1,,,,127.0473423,37.3038612
203000346,망포역3번출구.망포그대가프리미어.골든스퀘어,시내,,경기도 수원시 영통2동,1,1,,,1,,,127.0550237,37.24553515
203000342,"광교호반베르디움트라엘,광교해모로아파트","시내,마을",일반,경기도 수원시 광교1동,1,1,,1,,,,127.0514412,37.30413786
203000452,풍림아파트,시내,일반,경기도 수원시 영통2동,,,,,,,,127.0665432,37.24411224
203000231,망포고등학교,시내,일반,경기도 수원시 태장동,,,,,,,,127.0475543,37.23426888
202000122,인구협회가족보건의원.원요양병원,시내,일반,경기도 수원시 매산동,,,,,,,,127.0090528,37.27146655
200000275,상광교동종점,시내,일반,경기도 수원시 연무동,,,,,,,,127.0144445,37.32944
201000586,아이파크7단지,시내,일반,경기도 수원시 권선2동,,,,,,,,127.021244,37.24626777
203000322,연무중학교.써밋플레이스광교,"시내,마을",일반,경기도 수원시 광교1동,1,1,,1,,,,127.0514436,37.29104133
201000589,수원역환승센터(3승강장),시내,일반,경기도 수원시 서둔동,1,1,1,,,,,126.9991544,37.26525343
203000395,광교2동주민센터,"시내,마을",일반,경기도 수원시 광교1동,,,,,,,,127.0702693,37.29301041
201000439,호매실스위첸19단지.능실마을22단지,"시내,마을",일반,경기도 수원시 금곡동,1,1,,1,,,,126.9602657,37.25859878
203000286,상현역,"시내,마을",,경기도 수원시 광교1동,,,,,,,,127.0693488,37.29693223
202000125,코오롱아파트.여기산공원,"시내,마을",일반,경기도 수원시 서둔동,,,,,,,,126.982725,37.28400097
203000224,힐스테이트영통,시내,일반,경기도 수원시 태장동,,,,,,,,127.0467707,37.2421784
201000459,서수원레이크푸르지오1단지,"시내,마을",일반,경기도 수원시 입북동,1,1,,1,,,,126.9528795,37.2997657
201000468,권선구청.경기종합노동복지회관,시내,일반,경기도 수원시 서둔동,1,1,,,,1,,126.9706859,37.25628971
201000477,수원아이파크5단지.곡정초등학교,시내,일반,경기도 수원시 권선2동,,1,,,,1,,127.0255893,37.24040386
203000403,광교체육센터.다산중학교,시내,일반,경기도 수원시 광교1동,1,1,,,,1,,127.0517273,37.28359926
203000291,광교호반베르디움,시내,일반,경기도 수원시 원천동,,,,,,,,127.0540336,37.27408619
203000264,광교한양수자인.호반가든하임,"시내,마을",일반,경기도 수원시 광교1동,1,1,,1,,,,127.0487526,37.30529629
201000478,수원아이파크5단지.곡정초등학교,시내,일반,경기도 수원시 권선2동,,,,,,,,127.0261065,37.24000812
203000063,삼성1차아파트,시내,일반,경기도 수원시 매탄1동,1,1,1,,,,,127.0410044,37.26612681
201000051,신곡동,시내,일반,경기도 수원시 세류2동,1,1,1,,,,,127.012547,37.24977007
201000592,수원역환승센터(6승강장),시내,일반,경기도 수원시 서둔동,1,1,1,,,,,126.9985033,37.26542804
203000385,신동단독택지,시내,일반,경기도 수원시 매탄3동,1,1,1,,,,,127.0436037,37.25053007
202000200,경기도청입구,시내,일반,경기도 수원시 매산동,,,,,,,,127.0095122,37.27346088
202000098,화서동먹거리촌.꽃뫼노을풍림아파트,"시내,마을",일반,경기도 수원시 화서2동,1,1,,,1,,,126.9876431,37.28847957
203000399,광교중앙.아주대역환승센터,"시내,마을,시외",일반,경기도 수원시 광교1동,1,1,,,10,,,127.0519166,37.28849864
201000448,능실마을21단지.수원여대입구,"시내,마을",일반,경기도 수원시 금곡동,,,,,,,,126.9620527,37.25422066
203000259,매탄위브하늘채,시내,일반,경기도 수원시 매탄3동,1,1,,,1,,,127.0423076,37.26475237
203000272,산의초등학교.광교삼성래미안,"시내,마을",일반,경기도 수원시 광교1동,1,1,,1,,,,127.0598947,37.29073573
203000292,국토지리정보원.중앙기독초등학교,"시내,마을",일반,경기도 수원시 원천동,1,1,,1,,,,127.0555935,37.27408415
203000134,중흥S클래스.자연앤자이아파트,시내,일반,경기도 수원시 광교1동,,,,,,,,127.055552,37.28435545
202000223,고등동구터미널,시내,일반,경기도 수원시 고등동,1,1,1,,,,,127.0010613,37.27117919
203000273,산의초등학교.광교삼성래미안,"시내,마을",일반,경기도 수원시 광교1동,1,1,,1,,,,127.0598585,37.29056666
201000492,중보교.수원역자동차운전전문학원,"시내,마을",일반,경기도 수원시 평동,,,,,,,,126.9949042,37.25562313
203000433,수원컨벤션센터.광교갤러리아백화점.중흥s클래스,"시내,마을",일반,경기도 수원시 광교1동,,,,,,,,127.0568616,37.28448794
201000418,칠보마을5단지,시내,일반,경기도 수원시 금곡동,1,1,,1,,,,126.9417335,37.27231892
203000400,광교중앙.아주대역환승센터,"시내,마을,시외",일반,경기도 수원시 광교1동,,1,,,10,,,127.0516618,37.28832822
203000384,신동단독택지,시내,일반,경기도 수원시 태장동,1,1,,,1,,,127.0433476,37.25026585
201000408,호매실마을14단지.장애인종합복지관,"시내,마을",일반,경기도 수원시 금곡동,1,1,,1,,,,126.9571692,37.26274247
201000483,정우엔텍,"시내,마을",일반,경기도 수원시 평동,,,,,,,,126.9818189,37.23834629
203000383,매탄그린빌4단지,시내,일반,경기도 수원시 매탄3동,,,,,,,,127.0451835,37.25492327
202000106,수원역.AK플라자,"시내,마을",일반,경기도 수원시 매산동,1,1,1,,,,,127.0009035,37.26736535
201000410,수원시보훈회관.호매실마을13단지,"시내,마을",일반,경기도 수원시 금곡동,1,1,,1,,,,126.957331,37.26514791
201000597,수원역환승센터(11승강장),시내,일반,경기도 수원시 서둔동,1,1,1,,,,,126.9988325,37.26596186
203000290,광교호반베르디움,시내,일반,경기도 수원시 원천동,,,,,,,,127.0537588,37.27413123
201000416,칠보마을7단지,시내,일반,경기도 수원시 금곡동,1,1,,1,,,,126.9426955,37.26819516
201000481,동아엘텍,"시내,마을",일반,경기도 수원시 평동,,,,,,,,126.9866186,37.24286542
200000301,화남아파트,시내,일반,경기도 수원시 율천동,,,,,,,,126.9654924,37.30055196
202000206,가족여성회관.이춘택병원.수원농협,시내,일반,경기도 수원시 매교동,,1,,,1,,,127.0142639,37.27159298
203000334,수원나누리병원,시내,일반,경기도 수원시 원천동,1,1,,1,,,,127.0502031,37.27452926
203000261,광교역.광교대학로,"시내,마을",일반,경기도 수원시 광교1동,1,1,,1,,,,127.0437117,37.29991037
200000310,장안구청,시내,일반,경기도 수원시 조원1동,1,1,,,1,,,127.0112642,37.30342194
201000599,세지로(건강원앞),시내,일반,경기도 수원시 권선1동,,,,,,,,127.019721,37.26277478
201000391,영조아파트.푸르지오아파트,시내,일반,경기도 수원시 평동,1,1,,,1,,,126.9691263,37.24290632
201000387,중앙병원,시내,일반,경기도 수원시 권선1동,1,1,1,,,,,127.0231228,37.2600419
201000386,중앙병원,시내,일반,경기도 수원시 권선1동,,1,,,1,,,127.0213433,37.26084842
201000484,일월도서관.청구아파트후문,"시내,마을",일반,경기도 수원시 구운동,,1,,,,1,,126.9780812,37.28634383
201000460,서수원레이크푸르지오2단지,"시내,마을",일반,경기도 수원시 입북동,1,1,,1,,,,126.9524763,37.29966339
201000486,온정마을,시내,일반,경기도 수원시 평동,,,,,,,,126.9662942,37.25134157
201000411,호매실마을13단지.수원시보훈회관,"시내,마을",일반,경기도 수원시 금곡동,1,1,,1,,,,126.9576414,37.26534166
201000593,수원역환승센터(7승강장),시내,일반,경기도 수원시 서둔동,1,1,1,,,,,126.9983419,37.26565057
202000209,수원중고교.연향아파트,시내,일반,경기도 수원시 매교동,1,1,1,,,,,127.0172512,37.26932202
201000545,평동동남아파트,"시내,마을",일반,경기도 수원시 서둔동,,,,,,,,126.9989847,37.26321189
203000296,광교에듀타운입구.아주대.한국자산관리공사,시내,일반,경기도 수원시 원천동,1,1,,1,,,,127.0498628,37.27841233
203000299,합동신학대학원,시내,일반,경기도 수원시 원천동,1,1,,1,,,,127.0519893,37.28009867
201000479,㈜미경테크.㈜대성후드텍,"시내,마을",일반,경기도 수원시 평동,,,,,,,,126.9809995,37.24187002
201000419,칠보마을5단지,시내,일반,경기도 수원시 금곡동,1,1,,1,,,,126.9415141,37.27227016
201000420,수원버스터미널,시내,일반,경기도 수원시 세류2동,,,,,,,,127.019612,37.25235872
201000409,호매실마을14단지.장애인종합복지관,"시내,마을",일반,경기도 수원시 금곡동,1,1,,1,,,,126.9574307,37.26284511
203000358,망포역1번출구,시내,일반,경기도 수원시 영통2동,,1,,,,1,,127.0583293,37.24570508
200000022,정자동성당,시내,일반,경기도 수원시 정자1동,,,,,,,,126.9851527,37.31003854
201000421,수원아이파크2단지,시내,일반,경기도 수원시 권선2동,1,1,1,,,,,127.0286686,37.24379273
203000450,살구골.서광아파트,시내,일반,경기도 수원시 영통2동,1,1,1,,,,,127.0731418,37.24734091
203000260,광교역.광교대학로,"시내,마을",일반,경기도 수원시 광교1동,1,1,,1,,,,127.0441198,37.30003023
203000356,호반베르디움,"시내,마을",일반,경기도 수원시 광교1동,1,1,,1,,,,127.0446965,37.30552683
203000262,광교초등학교.광교홍재도서관,"시내,마을",일반,경기도 수원시 광교1동,1,1,,1,,,,127.047543,37.30387381
202000210,수원고교,"시내,마을",일반,경기도 수원시 매교동,,1,,1,,,,127.0173104,37.26846111
203000405,영통SK뷰아파트.라온프라이빗아파트,시내,일반,경기도 수원시 영통2동,1,1,1,,,,,127.0622817,37.24401924
203000382,매탄그린빌4단지,시내,일반,경기도 수원시 매탄3동,,,,,,,,127.0451988,37.25544096
203000316,광교웰빙타운.열림공원,"시내,마을",일반,경기도 수원시 광교1동,1,1,,1,,,,127.038918,37.30818421
201000455,호매실쌍용아파트,시내,일반,경기도 수원시 금곡동,,1,,1,,,,126.9512883,37.26803555
200000324,SK스카이뷰.다솔초등학교,"시내,마을",일반,경기도 수원시 정자1동,1,1,,,1,,,126.9857098,37.30861185
203000313,광교한양수자인,"시내,마을",일반,경기도 수원시 광교1동,1,1,,1,,,,127.0709455,37.28143403
203000396,광교2동주민센터,"시내,마을",일반,경기도 수원시 광교1동,,,,,,,,127.0703426,37.2929347
201000432,동남아파트,"시내,마을",일반,경기도 수원시 평동,,1,1,,,,,127.000468,37.2608466
200000277,신일아파트,시내,일반,경기도 수원시 율천동,,,,,,,,126.9672573,37.30036092
201000594,수원역환승센터(8승강장),시내,일반,경기도 수원시 서둔동,1,1,1,,,,,126.9982926,37.26580622
203000326,광교카페거리.대림e편한세상,시내,일반,경기도 수원시 광교1동,1,1,,1,,,,127.0533751,37.29300991
201000465,당수초등학교.삼정아파트,시내,일반,경기도 수원시 입북동,1,1,1,,,,,126.9445163,37.28997948
200000325,SK스카이뷰.다솔초등학교,"시내,마을",일반,경기도 수원시 정자1동,1,1,,,1,,,126.9861718,37.3081622
202000207,매교다리,"시내,마을",일반,경기도 수원시 매교동,1,1,,,1,,,127.016805,37.27168125
201000400,수원아이파크3단지,시내,일반,경기도 수원시 권선2동,1,1,,,1,,,127.0249042,37.2423745
201000584,곡정고.수원아이파크시티7단지아파트,시내,일반,경기도 수원시 권선2동,,,,,,,,127.0214606,37.24409844
203000404,영통SK뷰아파트.라온프라이빗아파트,시내,일반,경기도 수원시 영통2동,1,1,1,,,,,127.0622769,37.24394345
202000103,수원중학교,"시내,마을",일반,경기도 수원시 매교동,1,1,1,,,,,127.0182155,37.26510795
200000327,청솔한라아파트.롯데마트,"시내,마을",일반,경기도 수원시 정자3동,1,1,,,,1,,126.9836439,37.29535466
203000255,수원원일중학교.매원고등학교,시내,일반,경기도 수원시 매탄4동,1,1,,,1,,,127.0528562,37.26593551
200000298,파장동북부차고지,시내,일반,경기도 수원시 파장동,,,,,,,,126.9886339,37.32026302
203000319,광교해모로아파트,"시내,마을",일반,경기도 수원시 광교1동,1,1,,1,,,,127.0516151,37.30590246
201000414,금곡동행정복지센터.호매실파출소,시내,일반,경기도 수원시 금곡동,1,1,,1,,,,126.9529224,37.2738406
203000438,광교카페거리입구,"시내,마을",일반,경기도 수원시 광교1동,1,1,,,,1,,127.0561976,37.29491691
201000413,칠보마을5단지.모아미래도아파트,시내,일반,경기도 수원시 금곡동,1,1,,1,,,,126.940393,37.27412491
203000333,수원나누리병원,시내,일반,경기도 수원시 원천동,1,1,,1,,,,127.0496032,37.27452524
203000339,수원광교박물관,"시내,마을",일반,경기도 수원시 광교1동,1,1,,1,,,,127.0495795,37.2964704
202000218,경기도청오거리,시내,일반,경기도 수원시 매산동,,1,,1,,,,127.0090773,37.26852991
201000487,온정마을,시내,일반,경기도 수원시 평동,,,,,,,,126.9665129,37.25163324
201000464,호반베르디움.신미주.일신건영아파트,시내,일반,경기도 수원시 금곡동,1,1,,1,,,,126.9531674,37.27059954
203000320,광교해모로아파트,"시내,마을",일반,경기도 수원시 광교1동,1,1,,1,,,,127.051874,37.30594209
201000423,당수초등학교.삼정아파트,시내,일반,경기도 수원시 입북동,,1,,,,1,,126.9446266,37.2901147
202000097,팔달문,"시내,마을",일반,경기도 수원시 행궁동,1,1,,1,,,,127.0170692,37.27715772
202000203,글로벌청소년드림센터,"시내,마을",일반,경기도 수원시 화서1동,,1,,1,,,,127.005742,37.28216547
201000447,능실마을21단지.수원여대입구,"시내,마을",일반,경기도 수원시 금곡동,,,,,,,,126.9619426,37.2543164
202000208,수원역.노보텔수원,"시내,마을,공항",일반,경기도 수원시 매산동,1,1,,,4,,,126.9996078,37.26811186
201000392,영조아파트.푸르지오아파트,시내,일반,경기도 수원시 평동,1,1,1,,,,,126.969328,37.24294519
203000310,광교호반마을21단지,"시내,마을",일반,경기도 수원시 광교1동,1,1,,1,,,,127.0675136,37.2782807
203000325,광교카페거리.대림e편한세상,시내,일반,경기도 수원시 광교1동,1,1,,1,,,,127.053464,37.29312902
202000107,일월도서관.율천고등학교,시내,일반,경기도 수원시 율천동,,,,,,,,126.9780132,37.28731439
202000099,화서동먹거리촌.꽃뫼노을풍림아파트,"시내,마을",일반,경기도 수원시 화서2동,1,1,1,,,,,126.9869916,37.28861976
203000256,수원원일중학교.매원고등학교,시내,일반,경기도 수원시 매탄4동,,,,,,,,127.0526396,37.26617485
202000212,향교.팔달보건소.중앙침례교회,시내,일반,경기도 수원시 매교동,1,1,1,,,,,127.0121329,37.27065612
203000306,광교차고지.연화장입구,시내,일반,경기도 수원시 광교1동,,,,,,,,127.0783032,37.28744301
201000596,수원역환승센터(10승강장),"시내,마을",일반,경기도 수원시 서둔동,1,1,1,,,,,126.9986035,37.26602457
201000480,㈜심스바이오닉스.DH테크타워,"시내,마을",일반,경기도 수원시 평동,,,,,,,,126.9842037,37.24282179
203000345,망포역4번출구.영통2동주민센터,시내,,경기도 수원시 영통2동,1,1,,,1,,,127.0554899,37.24595372
202000096,화서위브하늘채,시내,일반,경기도 수원시 정자2동,1,1,,,1,,,126.9986949,37.28901162
201000471,수원센트럴타운2단지.세류동성당,시내,일반,경기도 수원시 세류1동,1,1,1,,,,,127.0062174,37.26212713
201000585,아이파크7단지,시내,일반,경기도 수원시 권선2동,,,,,,,,127.021476,37.24665419
203000327,광교오드카운티,"시내,마을",일반,경기도 수원시 광교1동,1,1,,1,,,,127.0573259,37.29331897
201000598,수원역환승센터(12승강장),시내,일반,경기도 수원시 서둔동,1,1,1,,,,,126.9989684,37.26583924
201000412,"모아미래도아파트,칠보마을5단지",시내,일반,경기도 수원시 금곡동,1,1,,1,,,,126.9409662,37.27432454
201000488,서수원주민편익시설,"시내,마을",일반,경기도 수원시 평동,,,,,,,,126.972375,37.24860669
203000297,광교에듀타운입구.아주대.한국자산관리공사,시내,일반,경기도 수원시 원천동,1,1,,1,,,,127.0500436,37.27838171
203000352,광교에일린의뜰.광교호수공원,"시내,마을",일반,경기도 수원시 광교1동,1,1,,1,,,,127.059965,37.27885541
203000338,광교역사공원.광교카페거리,"시내,마을",일반,경기도 수원시 광교1동,1,1,,1,,,,127.052972,37.29513646
202000105,수원역.AK플라자,"시내,마을",일반,경기도 수원시 매산동,1,1,1,,,,,127.0014835,37.2649378
203000451,SK아파트,"시내,마을",일반,경기도 수원시 영통2동,,,,,,,,127.0681533,37.24493994
203000267,광교중앙역.광교고등학교,"시내,마을",일반,경기도 수원시 광교1동,1,1,,1,,,,127.0494735,37.29000056
201000341,고색동입구,"시내,마을",일반,경기도 수원시 평동,,,,,,,,126.9901461,37.25328047
203000340,수원광교박물관,"시내,마을",일반,경기도 수원시 광교1동,1,1,,1,,,,127.049332,37.29641748
203000284,광교휴먼시아32단지정문,시내,일반,경기도 수원시 광교1동,1,1,,1,,,,127.0661118,37.29224737
202000216,가족여성회관.이춘택병원.해움미술관.수원농협,시내,일반,경기도 수원시 매교동,1,1,1,,,,,127.0152111,37.27225063
201000398,장미아파트.버드내도서관,시내,일반,경기도 수원시 세류2동,1,1,,,1,,,127.0117279,37.25749704
203000277,수원컨벤션센터.롯데아울렛,"시내,마을",일반,경기도 수원시 광교1동,1,1,,1,,,,127.0578015,37.28661512
203000351,경기중앙지방변호사회관,시내,일반,경기도 수원시 광교1동,1,1,,1,,,,127.06629,37.29205097
201000442,한양수자인파크원아파트.자목마을입구,시내,일반,경기도 수원시 금곡동,,,,,,,,126.9494138,37.26655771
200000321,장안공원,시내,일반,경기도 수원시 영화동,1,1,1,,,,,127.0126087,37.28825551
203000424,수원시도시안전통합센터,"시내,마을",일반,경기도 수원시 광교1동,1,1,,,,1,,127.0480685,37.29917344
201000401,수원아이파크3단지,시내,일반,경기도 수원시 권선2동,1,1,,,1,,,127.0247556,37.2420921
203000332,황골쌍용아파트,시내,일반,경기도 수원시 영통1동,1,1,,,1,,,127.0822587,37.26365064
203000328,광교오드카운티,"시내,마을",일반,경기도 수원시 광교1동,1,1,,1,,,,127.0577332,37.29296736
201000595,수원역환승센터(9승강장),시내,일반,경기도 수원시 서둔동,1,1,1,,,,,126.9984055,37.26598226
202000109,화서문로터리,시내,일반,경기도 수원시 화서1동,,,,,,,,127.0072198,37.28427866
202000220,수원여자고교,시내,일반,경기도 수원시 고등동,1,1,1,,,,,127.0028202,37.27602675
201000430,수원아이파크시티.선일초교,시내,일반,경기도 수원시 권선2동,1,1,2,,,,,127.028889,37.24727379
203000448,대선초.e편한세상영통2차아파트,시내,일반,경기도 수원시 태장동,,,,,,,,127.0653784,37.24115558
203000391,광교센트럴타운62단지.힐스테이트레이크,"시내,마을",일반,경기도 수원시 광교1동,1,1,,1,,,,127.0622695,37.28918546
203000374,동부차고지,시내,일반,경기도 수원시 광교1동,,,,,,,,127.0780852,37.28669727
203000266,광교중앙역.광교고등학교,"시내,마을",일반,경기도 수원시 광교1동,1,1,,1,,,,127.0495958,37.29030968
202000120,수원역.헌혈의집,"시내,시외,공항",일반,경기도 수원시 매산동,1,1,1,,,,,127.0015854,37.26640078
201000390,중보교.수원역자동차운전전문학원,"시내,마을",일반,경기도 수원시 평동,,,,,,,,126.9946107,37.25576928
201000489,오목천동서희스타힐스,"시내,마을",일반,경기도 수원시 평동,,,,,,,,126.9655609,37.24724184
203000318,광교대광로제비앙,"시내,마을",일반,경기도 수원시 광교1동,1,1,,1,,,,127.0408202,37.30691328
202000083,원요양병원,시내,일반,경기도 수원시 매산동,,,,,,,,127.009298,37.27141466
201000590,수원역환승센터(4승강장),시내,일반,경기도 수원시 서둔동,1,1,1,,,,,126.9989374,37.26520446
200000312,경기남부보훈지청.경기도교육청,시내,일반,경기도 수원시 영화동,1,1,,,1,,,127.0220038,37.29623955
203000402,광교체육센터.다산중학교,시내,일반,경기도 수원시 광교1동,1,1,,,,1,,127.0518305,37.28342532
200000169,경기대수원캠퍼스입구.연무시장,시내,일반,경기도 수원시 연무동,,1,,1,,,,127.0300365,37.29976549
201000462,극동스타클래스아파트,시내,일반,경기도 수원시 금곡동,1,1,,1,,,,126.9450224,37.27036598
200000326,SK스카이뷰,"시내,마을",일반,경기도 수원시 정자1동,1,1,,,1,,,126.9855259,37.30527513
202000101,매교역7번출구.문화맨션,"시내,마을",일반,경기도 수원시 매교동,,1,,,1,,,127.0162767,37.26633925
203000314,광교휴먼시아32단지,"시내,마을",일반,경기도 수원시 광교1동,1,1,,1,,,,127.0682572,37.29420834
203000354,동수원세무소.영통역2번출구,"시내,마을",일반,경기도 수원시 영통1동,1,1,,,1,,,127.0727346,37.25068066
203000211,광교호반베르디움,시내,일반,경기도 수원시 원천동,1,1,,1,,,,127.0577797,37.27166368
202000095,숙지중고교.서호공원,"시내,마을",일반,경기도 수원시 화서2동,1,1,1,,,,,126.9913578,37.28179082
201000476,세지로,시내,일반,경기도 수원시 권선1동,,,,,,,,127.0199075,37.26276823
203000228,광교두산위브.아주대병원후문,시내,일반,경기도 수원시 원천동,1,1,,1,,,,127.0504184,37.2807825
200000437,성균관대역동문굿모닝힐아파트,시내,일반,경기도 수원시 율천동,,,,,,,,126.9653559,37.29872914
200000322,청솔한라아파트.롯데마트,시내,일반,경기도 수원시 정자3동,,,,,,,,126.9831765,37.29352878
202000104,화서1동주민센터,"시내,마을",일반,경기도 수원시 화서1동,,1,,,,1,,126.994897,37.27646186
203000235,광교두산위브.아주대병원후문,시내,일반,경기도 수원시 원천동,1,1,,1,,,,127.050577,37.28074783
200000318,밤꽃사거리,"시내,마을",일반,경기도 수원시 율천동,1,1,,,1,,,126.9729994,37.30528305
200000317,밤꽃사거리,"시내,마을",일반,경기도 수원시 율천동,1,1,,,1,,,126.9726174,37.30523894
200000297,상률초교,시내,일반,경기도 수원시 율천동,,1,,,1,,,126.970513,37.30543414
201000389,고색동입구,"시내,마을",일반,경기도 수원시 평동,,,,,,,,126.9899781,37.25355075
203000373,영통구보건소.수원체육문화센터,시내,일반,경기도 수원시 영통2동,1,1,,,1,,,127.0691019,37.25722989
203000343,광교e편한세상2차.광교중학교,"시내,마을",일반,경기도 수원시 광교1동,1,1,,1,,,,127.046627,37.30545124
203000311,광교호반마을21단지,"시내,마을",일반,경기도 수원시 광교1동,,,,,,,,127.0675286,37.27919754
203000321,연무중학교.써밋플레이스광교,"시내,마을",일반,경기도 수원시 광교1동,1,1,,1,,,,127.051547,37.29121676
203000305,광교호반마을입구,"시내,마을",일반,경기도 수원시 광교1동,1,1,,1,,,,127.0676094,37.27641605
201000583,곡정고.수원아이파크시티7단지아파트,시내,일반,경기도 수원시 권선2동,,,,,,,,127.0211281,37.24411327
203000276,수원컨벤션센터.롯데아울렛,"시내,마을",일반,경기도 수원시 광교1동,1,1,,1,,,,127.0574817,37.28598241
203000246,박지성삼거리,시내,일반,경기도 수원시 태장동,,,,,,,,127.0458059,37.23872428
203000360,수원시동부차고지,시내,일반,경기도 수원시 광교1동,,,,,,,,127.0785387,37.28698688
201000475,수원센트럴타운3단지,시내,일반,경기도 수원시 세류1동,,,,,,,,127.0040458,37.2613441
203000428,광교사회복지관,"시내,마을",일반,경기도 수원시 광교1동,,,,,,,,127.0454307,37.30032316
201000493,영조아름다운나날1단지,시내,일반,경기도 수원시 평동,,,,,,,,126.9699815,37.24126961
203000397,광교휴먼시아32단지.이의고교,시내,일반,경기도 수원시 광교1동,,,,,,,,127.068596,37.29427223
201000393,아름다운나날,시내,일반,경기도 수원시 평동,,1,,,1,,,126.9697777,37.24116598
203000294,소화초등학교,시내,일반,경기도 수원시 원천동,1,1,,1,,,,127.0520128,37.27798295
200000311,장안구청,시내,일반,경기도 수원시 조원1동,1,1,,,1,,,127.0111737,37.3037098
202000213,세무서.도청입구.신용회복위원회,시내,일반,경기도 수원시 매산동,1,1,1,,,,,127.0077627,37.26897683
203000247,박지성삼거리,"시내,마을",일반,경기도 수원시 태장동,1,1,,,1,,,127.0461154,37.23731934
201000554,(주)명성,"시내,마을",일반,경기도 수원시 평동,,,,,,,,126.9808812,37.2394864
201000415,금곡동행정복지센터.호매실파출소,시내,일반,경기도 수원시 금곡동,1,1,,1,,,,126.952916,37.27405294
201000469,권선구청.경기종합노동복지회관,시내,일반,경기도 수원시 서둔동,1,1,,,,1,,126.9707198,37.25607898
201000580,수원여자대학교정문,"시내,마을",일반,경기도 수원시 평동,,1,,,,1,,126.9630475,37.2518712
200000323,SK스카이뷰,"시내,마을",일반,경기도 수원시 정자1동,1,1,,,1,,,126.98626,37.30518154
203000429,수원시도시안전통합센터,"시내,마을",일반,경기도 수원시 광교1동,,,,,,,,127.0478778,37.29908654
203000309,광교호수공원.제1주차장,"시내,마을",일반,경기도 수원시 광교1동,1,1,,1,,,,127.0665596,37.27591157
201000472,수원남부버스공영차고지,시내,일반,경기도 수원시 곡선동,,,,,,,,127.0379755,37.24379017
203000353,광교에일린의뜰.광교호수공원,"시내,마을",일반,경기도 수원시 광교1동,1,1,,1,,,,127.0601859,37.27888261
203000221,영통아이파크캐슬1단지,시내,일반,경기도 수원시 태장동,,,,,,,,127.0463201,37.24192882
201000440,호매실엔루체,"시내,마을",일반,경기도 수원시 금곡동,1,1,,1,,,,126.9621744,37.25748011
203000298,합동신학대학원,시내,일반,경기도 수원시 원천동,1,1,,1,,,,127.0522521,37.27936308
203000274,광교센트럴타운60단지.힐스테이트레이크,"시내,마을",일반,경기도 수원시 광교1동,1,1,,1,,,,127.0611636,37.28912459
203000253,광교차고지,시내,일반,경기도 수원시 광교1동,,,,,,,,127.0789489,37.28767454
203000092,자연앤자이아파트.중흥S클래스,시내,일반,경기도 수원시 광교1동,,,,,,,,127.0554599,37.28459221
203000439,광교카페거리입구,"시내,마을",일반,경기도 수원시 광교1동,1,1,,,,1,,127.0563693,37.29507843
201000437,권선시장앞,시내,일반,경기도 수원시 권선1동,,1,,,1,,,127.0244332,37.25555311
203000434,수원컨벤션센터.광교갤러리아백화점.중흥s클래스,"시내,마을",일반,경기도 수원시 광교1동,,,,,,,,127.0571408,37.28449129
203000281,수원고등법원.수원고등검찰청.광교호수공원,"시내,마을",일반,경기도 수원시 광교1동,1,1,,1,,,,127.0700088,37.28966397
203000308,광교호수공원.제1주차장,"시내,마을",일반,경기도 수원시 광교1동,1,1,,1,,,,127.0667245,37.27544967
202000219,수원역.AK플라자,"시내,마을",일반,경기도 수원시 매산동,1,1,1,,,,,127.0009335,37.26745951
201000315,경기대명고등학교,시내,일반,경기도 수원시 입북동,,,,,,,,126.9416607,37.29374214
200000300,천천푸르지오상가,시내,일반,경기도 수원시 율천동,,1,,,1,,,126.980605,37.29434865
203000430,광교이마트,"시내,마을",일반,경기도 수원시 광교1동,,,,,,,,127.0493741,37.29801172
202000202,화서문로터리,"시내,마을",일반,경기도 수원시 화서1동,1,1,1,,,,,127.0069927,37.28465852
203000304,광교호반마을입구,시내,일반,경기도 수원시 광교1동,1,1,,1,,,,127.0675216,37.2761862
202000204,글로벌청소년드림센터,"시내,마을",일반,경기도 수원시 화서1동,,1,,1,,,,127.0060573,37.28217974
203000372,영통구보건소.수원체육문화센터,시내,일반,경기도 수원시 영통2동,1,1,,,1,,,127.0687936,37.25748231
203000301,"신풍초등학교,자연앤자이",시내,일반,경기도 수원시 광교1동,1,1,,1,,,,127.0534917,37.2853649
201000422,수원아이파크4단지,시내,일반,경기도 수원시 권선2동,1,1,1,,,,,127.0286248,37.2435882
203000287,상현역,"시내,마을",,경기도 수원시 광교1동,,,,,,,,127.0690374,37.29705484
203000283,이의초중고교.광교참누리레이크아파트,"시내,마을",일반,경기도 수원시 광교1동,1,1,,1,,,,127.0718961,37.29222734
203000355,훼미리타워,"시내,마을",일반,경기도 수원시 영통2동,1,1,,,1,,,127.0745868,37.2552147
201000396,대명고등학교,시내,일반,경기도 수원시 입북동,,,,,,,,126.9414658,37.29383268
201000399,세류2동,시내,일반,경기도 수원시 세류2동,1,1,1,,,,,127.0117979,37.2517245
201000453,호매실도서관,"시내,공항",일반,경기도 수원시 금곡동,1,1,,1,,,,126.9588677,37.26626705
201000098,경기도동물위생시험소,시내,일반,경기도 수원시 금곡동,,,,,,,,126.9400084,37.26742562
200000282,국세청삼거리.아주편한병원,시내,일반,경기도 수원시 파장동,,,,,,,,126.9910019,37.31072586
201000407,능실마을16단지,시내,일반,경기도 수원시 금곡동,1,1,,1,,,,126.9556498,37.26148362
200000438,동문굿모닝힐아파트.율전이인아파트,시내,일반,경기도 수원시 율천동,,,,,,,,126.9668579,37.29795022
202000224,매산시장,"시내,마을",일반,경기도 수원시 매산동,1,1,,,1,,,127.0034063,37.26731374
203000279,원천호수사거리.힐스테이트광교,시내,일반,경기도 수원시 광교1동,1,1,,1,,,,127.0645078,37.28771861
203000282,이의초중고교.광교참누리레이크아파트,"시내,마을",일반,경기도 수원시 광교1동,1,1,,1,,,,127.0720718,37.29203576
202000102,매교역6번출구.문화맨션,시내,일반,경기도 수원시 매교동,1,1,,,1,,,127.0162735,37.26680285
201000429,한국방송통신대학교,시내,일반,경기도 수원시 평동,1,1,1,,,,,126.9584033,37.24184206
200000299,천천푸르지오상가,시내,일반,경기도 수원시 율천동,,1,,,1,,,126.9807442,37.29444405
201000431,동남아파트,"시내,마을",일반,경기도 수원시 평동,,,,,,,,127.0003449,37.26113802
201000403,권선자이.e편한세상,시내,일반,경기도 수원시 권선2동,1,1,,,1,,,127.0286736,37.25382411
200000313,수원북중후문.경기도교육청,시내,일반,경기도 수원시 영화동,1,1,,,1,,,127.0218728,37.2960828
203000335,원천레이크파크아파트,시내,일반,경기도 수원시 원천동,1,1,,,1,,,127.0632148,37.26859376
203000367,망포고등학교,시내,일반,경기도 수원시 태장동,,,,,,,,127.0469295,37.23437234
201000438,호매실스위첸19단지.능실마을22단지,"시내,마을",일반,경기도 수원시 금곡동,1,1,,1,,,,126.9598817,37.25874128
202000157,지동새마을금고,시내,일반,경기도 수원시 지동,1,1,,,,1,,127.0201072,37.27762564
203000222,동수원2차쌍용아파트,시내,일반,경기도 수원시 태장동,,1,,,,1,,127.052705,37.23451369
203000425,광교사회복지관,"시내,마을",일반,경기도 수원시 광교1동,,,,,,,,127.0455373,37.30044173
203000449,대선초.e편한세상영통2차아파트,시내,일반,경기도 수원시 태장동,1,1,1,,,,,127.0654616,37.24103253
201000435,능실초등학교.힐스테이트호매실,"시내,마을",일반,경기도 수원시 금곡동,1,1,,1,,,,126.956963,37.26019722
202000225,수원역.역전시장,"시내,마을,시외",일반,경기도 수원시 매산동,,1,,,1,,,127.0018454,37.26511559
203000258,구매탄시장입구.현대힐스테이트아파트,시내,일반,경기도 수원시 매탄1동,1,1,,,1,,,127.0420502,37.27518576
201000587,수원역환승센터(1승강장),시내,일반,경기도 수원시 서둔동,1,1,,,4,,,126.9991347,37.26564856
201000470,구운동주민센터.서수원도서관,시내,일반,경기도 수원시 구운동,,,,,,,,126.9710897,37.27465449
203000380,삼성DigitalCity정문,시내,일반,경기도 수원시 매탄3동,1,1,,,1,,,127.0539593,37.25466493
201000544,평동동남아파트,"시내,마을",일반,경기도 수원시 평동,,,,,,,,126.9992477,37.26275759
201000406,능실마을16단지,시내,일반,경기도 수원시 금곡동,1,1,,1,,,,126.955354,37.26178736
201000458,호매실엔루체,"시내,마을",일반,경기도 수원시 금곡동,1,1,,1,,,,126.9623631,37.25782971
203000300,"신풍초등학교,자연앤자이",시내,일반,경기도 수원시 광교1동,1,1,,1,,,,127.0537466,37.28535087
203000329,매탄삼성1차아파트,시내,일반,경기도 수원시 매탄3동,1,1,,,1,,,127.0423211,37.26499265
203000312,광교호수공원.제2주차장,시내,일반,경기도 수원시 광교1동,1,1,,1,,,,127.0705051,37.28150183
201000463,신미주.일신건영.호반베르디움아파트,시내,일반,경기도 수원시 금곡동,1,1,,1,,,,126.9530881,37.27044747
201000424,세류역환승주차장,시내,일반,경기도 수원시 세류2동,1,1,1,,,,,127.0156353,37.24189403
201000454,호매실마을13단지.호매실도서관,"시내,마을,공항",일반,경기도 수원시 금곡동,1,1,,1,,,,126.9591174,37.26610776
200000296,상률초교,시내,일반,경기도 수원시 율천동,,1,,,1,,,126.9706939,37.30537267
201000338,칠보산입구.자목마을,시내,일반,경기도 수원시 금곡동,,1,,,1,,,126.9427828,37.2634921
203000178,구법원사거리,시내,일반,경기도 수원시 매탄1동,1,1,1,,,,,127.0465362,37.27378622
202000018,현대힐스테이트.인계삼성아파트,시내,일반,경기도 수원시 인계동,1,1,,,1,,,127.0356854,37.27103009
202000012,인계삼성아파트.현대힐스테이트,시내,일반,경기도 수원시 인계동,1,1,,,1,,,127.0353134,37.27105723
201000129,권선꿈에그린동문,"시내,마을",일반,경기도 수원시 평동,1,,,,,,,126.976786,37.23608268
203000068,구법원사거리,시내,일반,경기도 수원시 원천동,1,1,2,,,,,127.0472182,37.27396825
201000402,능실마을15단지.금호어울림아파트,"시내,마을",일반,경기도 수원시 금곡동,1,1,,1,,,,126.9543057,37.25886302
202000205,화서시장.병무청입구.고등동행정복지센터,"시내,마을,시외",일반,경기도 수원시 화서1동,1,1,,,1,,,127.0046281,37.28010598
203000031,매원초등학교.광교아이파크아파트,"시내,마을",일반,경기도 수원시 원천동,1,1,,1,,,,127.0601974,37.27451129
203000032,매원초등학교.광교아이파크아파트,"시내,마을",일반,경기도 수원시 원천동,1,1,,1,,,,127.0600256,37.27457089
202000211,고등동사거리,시내,일반,경기도 수원시 고등동,1,1,1,,,,,127.0022226,37.27376516
202000201,병무청입구.고등동행정복지센터,"시내,마을,시외",일반,경기도 수원시 화서1동,1,1,1,,,,,127.0038846,37.2794386
202000222,고등동사거리,시내,일반,경기도 수원시 고등동,1,1,,1,,,,127.0018393,37.27244965
201000405,호매실동차고지,시내,일반,경기도 수원시 금곡동,,,,,,,,126.9630065,37.25488417
201000404,호매실동차고지,시내,일반,경기도 수원시 금곡동,,,,,,,,126.9628587,37.25481765
203000051,광교중흥S클래스,시내,일반,경기도 수원시 광교1동,1,1,1,,,,,127.0594027,37.28115764
203000401,광교역사공원.광교카페거리,시내,일반,경기도 수원시 광교1동,,,,,,,,127.0547413,37.29573688
201000579,호매실입구(탑동),시내,일반,경기도 수원시 서둔동,,,,,,,,126.9660074,37.27356326
203000020,광교중흥S클래스,시내,일반,경기도 수원시 광교1동,1,1,1,,,,,127.0591618,37.28118991
201000500,호매실입구(구운동),시내,일반,경기도 수원시 구운동,,,,,,,,126.9664666,37.27384691
202000252,화성행궁,시내,일반,경기도 수원시 행궁동,1,1,,,1,,,127.0158561,37.28438747
202000231,팔달구청.화성행궁.수원성지,시내,일반,경기도 수원시 행궁동,1,1,,,1,,,127.0162619,37.28390086
200000303,보훈복지타운아파트,시내,일반,경기도 수원시 조원1동,,,,,,,,127.0236638,37.29987951
200000302,조원뉴타운,시내,일반,경기도 수원시 조원1동,,,,,,,,127.0179728,37.3048557
200000019,조원뉴타운2단지,시내,일반,경기도 수원시 조원1동,,,,,,,,127.0203713,37.30234205
200000029,동문굿모닝힐.율전이안아파트,시내,일반,경기도 수원시 율천동,,,,,,,,126.966905,37.29810265
200000030,성균관대역동문굿모닝힐아파트,시내,일반,경기도 수원시 율천동,,,,,,,,126.9653039,37.29889164
202000242,블루밍푸른숲아파트,"시내,마을",일반,경기도 수원시 화서1동,,1,,1,,,,126.9970658,37.28108743
202000235,화서역.화서2동주민센터,"시내,마을",일반,경기도 수원시 화서2동,1,1,1,,,,,126.9868071,37.28473876
202000243,화서오거리,"시내,마을",일반,경기도 수원시 화서1동,,1,,,1,,,126.9991798,37.27865158
202000254,현대모닝아파트,시내,일반,경기도 수원시 화서2동,1,1,,,1,,,126.9848113,37.28646854
202000259,황제연립,"시내,마을",일반,경기도 수원시 화서1동,,1,,,1,,,126.9965243,37.27777285
202000253,수원전통문화관.장안동,시내,일반,경기도 수원시 행궁동,1,1,,,1,,,127.0151122,37.28667617
202000256,화서시장,시내,일반,경기도 수원시 화서1동,,1,,,1,,,127.0022227,37.27872084
202000230,장안문.수원전통문화관,시내,일반,경기도 수원시 행궁동,1,1,,,1,,,127.0153265,37.28677526
201000563,오목호수공원.서희스타힐즈,시내,일반,경기도 수원시 평동,,,,,,,,126.9673771,37.24792892
202000262,수원역.AK플라자,"시내,마을,시외",일반,경기도 수원시 매산동,1,1,1,,,,,127.0016105,37.26494992
202000245,율현중학교.녹색교통회관.꽃뫼버들코오롱아파트,"시내,마을",일반,경기도 수원시 화서2동,1,1,1,,,,,126.9807202,37.28583968
202000248,화성행궁.여민각,시내,일반,경기도 수원시 행궁동,1,1,,,,1,,127.0173603,37.28192703
203000036,경기대후문,시내,일반,경기도 수원시 광교1동,,,,,,,,127.0366949,37.29927694
202000244,황제연립,"시내,마을",일반,경기도 수원시 화서1동,,1,,,1,,,126.9959986,37.2773962
202000251,화서푸르지오,시내,일반,경기도 수원시 화서2동,1,1,,,1,,,126.9854541,37.28619832
202000258,율천고등학교,"시내,마을",일반,경기도 수원시 화서2동,1,1,1,,,,,126.9785011,37.28843068
201000426,대황교동,시내,일반,경기도 수원시 권선2동,,,,,,,,127.0168893,37.23935506
203000229,경기대정문,시내,일반,경기도 수원시 광교1동,,,,,,,,127.034015,37.30187811
200000033,수원종합운동장.한국건강검진협회,시내,일반,경기도 수원시 조원1동,,,,,,,,127.0132753,37.29739466
200000306,보훈복지타운아파트,시내,일반,경기도 수원시 조원1동,,,,,,,,127.0237954,37.2997235
202000240,화서역.화서2동주민센터,"시내,마을",일반,경기도 수원시 화서2동,1,1,1,,,,,126.986583,37.2850084
202000237,진흥아파트,"시내,마을",일반,경기도 수원시 화서2동,1,1,1,,,,,126.9851632,37.28908538
202000236,현대모닝아파트,"시내,마을",일반,경기도 수원시 화서2동,1,1,,,1,,,126.9858036,37.28661284
202000234,숙지공원.화서동굿모닝힐.화서다산도서관,"시내,마을",일반,경기도 수원시 화서2동,1,1,1,,,,,126.9955032,37.284573
202000260,쌍우물택시쉼터,"시내,마을",일반,경기도 수원시 고등동,,,,,,,,126.9959185,37.27390899
202000257,화서시장,시내,일반,경기도 수원시 화서1동,,1,,,1,,,127.0023242,37.27887401
202000255,율현중학교.녹색교통회관.꽃뫼버들코오롱아파트,"시내,마을",일반,경기도 수원시 화서2동,1,1,1,,,,,126.980807,37.2856076
202000250,진흥.천천푸르지오아파트,"시내,마을",일반,경기도 수원시 화서2동,1,1,1,,,,,126.9842544,37.29015677
202000247,엘지아파트.금강아파트,시내,일반,경기도 수원시 화서2동,1,1,1,,,,,126.9821016,37.28789727
202000233,블루밍푸른숲아파트,"시내,마을",일반,경기도 수원시 화서1동,1,1,1,,,,,126.9966511,37.28135833
202000232,화서오거리,"시내,마을",일반,경기도 수원시 화서1동,1,1,,,1,,,126.9990373,37.27907114
201000575,여기산공원.코오롱아파트,"시내,마을",일반,경기도 수원시 서둔동,,,,,,,,126.9825086,37.28368558
202000249,화서오거리,시내,일반,경기도 수원시 화서1동,,1,,,1,,,126.9996969,37.27886499
202000241,숙지공원.화서동굿모닝힐.화서다산도서관,"시내,마을",일반,경기도 수원시 화서2동,,1,,1,,,,126.9958225,37.28431556
202000246,엘지아파트.금강아파트,시내,일반,경기도 수원시 화서2동,1,1,,,1,,,126.9817138,37.28799446
202000239,꽃뫼신동아아파트,"시내,마을",일반,경기도 수원시 화서2동,,1,,1,,,,126.9860763,37.28666265
202000238,진흥아파트,"시내,마을",일반,경기도 수원시 화서2동,1,1,,1,,,,126.9850962,37.28950644
203000230,경기대정문,시내,일반,경기도 수원시 광교1동,,,,,,,,127.0342505,37.30172485
202000261,쌍우물택시쉼터,시내,일반,경기도 수원시 고등동,,,,,,,,126.9960353,37.27451708
201000425,대황교동,시내,일반,경기도 수원시 권선2동,,,,,,,,127.0169776,37.23944597
200000018,조원뉴타운2단지,시내,일반,경기도 수원시 조원1동,,,,,,,,127.0203728,37.30214156
200000024,한국건강검진협회.수원종합운동장,시내,일반,경기도 수원시 조원1동,,,,,,,,127.0134108,37.29724181
203000033,경기대후문,시내,일반,경기도 수원시 광교1동,,,,,,,,127.0366905,37.29910622
200000025,율전초교,"시내,마을",일반,경기도 수원시 율천동,,,,,,,,126.969152,37.30016533
201000014,권선2동성당,시내,일반,경기도 수원시 곡선동,,,,,,,,127.0226229,37.23473657
201000570,수원센트럴타운2단지,"시내,마을",일반,경기도 수원시 세류1동,,,,,,,,127.0068406,37.26208137
200000023,영화동태영아파트,시내,일반,경기도 수원시 영화동,,,,,,,,127.0084424,37.28883298
200000320,영복여고,시내,일반,경기도 수원시 영화동,,,,,,,,127.0052009,37.28839379
200000319,영복여고,시내,일반,경기도 수원시 영화동,,,,,,,,127.0052267,37.28804095
200000034,영화동태영아파트,시내,일반,경기도 수원시 영화동,,,,,,,,127.0083475,37.28894081
200000242,밤꽃마을뜨란채아파트,시내,일반,경기도 수원시 율천동,,,,,,,,126.9701776,37.30617725
200000243,밤꽃마을,시내,일반,경기도 수원시 율천동,,,,,,,,126.9681013,37.30751953
203000058,연화장,시내,일반,경기도 수원시 광교1동,,,,,,,,127.0830964,37.29086512
203000146,망포현대아이파크1차아파트,시내,일반,경기도 수원시 영통2동,,,,,,,,127.0573079,37.24482698
228001883,흥덕IT밸리,시내,일반,경기도 수원시 원천동,,,,,,,,127.0682056,37.26917065
203000009,영동중학교,시내,일반,경기도 수원시 영통2동,,,,,,,,127.0569541,37.24698241
201000450,오목호수공원.서희스타힐즈,시내,일반,경기도 수원시 평동,,,,,,,,126.9670091,37.24840557
201000214,수원농협,시내,일반,경기도 수원시 금곡동,,,,,,,,126.9628609,37.25453736
203000015,영동중학교,시내,일반,경기도 수원시 영통2동,,,,,,,,127.0572022,37.24713547
203000133,센트럴하이츠아파트,시내,일반,경기도 수원시 영통2동,,,,,,,,127.0608629,37.24413324
228001306,현대홈타운.풍림아파트,"시내,마을",일반,경기도 수원시 영통2동,,,,,,,,127.067323,37.24428201
203000194,경희대정문,시내,일반,경기도 수원시 영통1동,,,,,,,,127.0788183,37.24749581
201000381,한국교통안전공단,시내,일반,경기도 수원시 서둔동,,,,,,,,126.9950789,37.27175629
233000001,수영오거리.방송통신대입구,"시내,마을",일반,경기도 수원시 평동,,,,,,,,126.9624419,37.23773523
228000724,서그내,"시내,마을",일반,경기도 수원시 영통2동,,,,,,,,127.0734858,37.24707733
203000251,동남빌라.삼성2차아파트,시내,일반,경기도 수원시 매탄2동,,,,,,,,127.0447248,37.27005881
203000014,태장고등학교,시내,일반,경기도 수원시 영통2동,,,,,,,,127.0583422,37.24929742
200000281,종합운동장.행정동우회관,시내,일반,경기도 수원시 조원1동,,,,,,,,127.008361,37.30011734
201000499,제일수요양원.중앙양로원,시내,일반,경기도 수원시 평동,,,,,,,,126.9797701,37.23383188
201000461,칠보마을9단지,시내,일반,경기도 수원시 금곡동,,,,,,,,126.9451286,37.27032984
233000593,수영오거리.방송통신대입구,"시내,마을",일반,경기도 수원시 평동,,,,,,,,126.9625569,37.23754154
203000252,동남빌라.삼성2차아파트,시내,일반,경기도 수원시 매탄2동,,,,,,,,127.044674,37.26985137
201000380,제일수요양원.중앙양로원,"시내,마을",일반,경기도 수원시 서둔동,,,,,,,,126.9797401,37.23403876
203000365,벽적골8단지,시내,일반,경기도 수원시 영통2동,,,,,,,,127.0617412,37.25168385
201000482,헬러코리아,시내,일반,경기도 수원시 평동,,,,,,,,126.9846892,37.23877313
233000592,국립축산과학원,"시내,마을",일반,경기도 수원시 평동,,,,,,,,126.9659014,37.23613526
203000362,청명마을4단지,시내,일반,경기도 수원시 영통1동,,,,,,,,127.0798664,37.25678461
228001307,SK아파트,"시내,마을",일반,경기도 수원시 영통2동,,,,,,,,127.0690991,37.24552369
233000002,한국농수산대학,"시내,마을",일반,경기도 수원시 평동,,,,,,,,126.9704658,37.22933774
201000124,자혜학교,시내,일반,경기도 수원시 서둔동,,,,,,,,126.9778602,37.26500475
201000070,서수원요양병원,시내,일반,경기도 수원시 평동,,,,,,,,126.9790421,37.24079245
200000254,성균관대정문,시내,일반,경기도 수원시 율천동,,,,,,,,126.9749538,37.29078268
203000011,벽적골주공8단지,시내,일반,경기도 수원시 영통2동,,,,,,,,127.060373,37.25183735
201000428,선경아파트,시내,일반,경기도 수원시 구운동,,,,,,,,126.9787068,37.27964204
203000363,청명역사거리,시내,일반,경기도 수원시 영통1동,,,,,,,,127.0798618,37.2595324
201000467,수원역.롯데몰,"시내,마을",일반,경기도 수원시 서둔동,,,,,,,,126.9940352,37.26473393
203000182,우편집중국,시내,일반,경기도 수원시 영통1동,,,,,,,,127.0781173,37.25451229
203000132,영통회차장,시내,일반,경기도 수원시 영통2동,,,,,,,,127.0572391,37.2451757
203000010,태장고등학교,시내,일반,경기도 수원시 영통2동,,,,,,,,127.0581169,37.24946873
201000466,롯데몰수원,"시내,마을",일반,경기도 수원시 서둔동,,,,,,,,126.9953208,37.26335964
200000253,성균관대정문,시내,일반,경기도 수원시 율천동,,,,,,,,126.9737049,37.29048433
201000037,권선꿈에그린아파트,시내,일반,경기도 수원시 평동,,,,,,,,126.9759907,37.23634028
228001146,SK아파트.e편한세상,"시내,마을",일반,경기도 수원시 영통2동,,,,,,,,127.0682935,37.24479578
203000364,신나무실5단지,시내,일반,경기도 수원시 영통2동,,,,,,,,127.0619251,37.25185821
201000069,유성이엔티,시내,일반,경기도 수원시 평동,,,,,,,,126.9802084,37.23815594
200000309,북수원하이마트,시내,일반,경기도 수원시 송죽동,,,,,,,,127.0022993,37.30649071
201000351,이조자동차공업사,"시내,마을",일반,경기도 수원시 서둔동,,,,,,,,126.994279,37.26523067
200000315,삼보주택앞,시내,일반,경기도 수원시 송죽동,,,,,,,,127.003678,37.30833609
200000255,점터마을,시내,일반,경기도 수원시 율천동,,,,,,,,126.977255,37.28904418
201000266,구운초등학교,시내,일반,경기도 수원시 구운동,,,,,,,,126.9787121,37.28143075
228000723,경희대정문,"시내,마을",일반,경기도 수원시 영통1동,,,,,,,,127.0779073,37.24747533
233001574,수영리검사소,"시내,마을",일반,경기도 수원시 평동,,,,,,,,126.968503,37.23251232
201000123,자혜학교,시내,일반,경기도 수원시 서둔동,,,,,,,,126.9778804,37.26515144
233001986,수영리검사소,"시내,마을",일반,경기도 수원시 평동,,,,,,,,126.968669,37.23270587
